Date,Time,Ax,Ay,Az,Gx,Gy,Gz
2025-02-07,00:19:35,0.02,-0.10,1.02,0.18,-0.43,-0.24
2025-02-07,00:19:36,0.01,-0.11,1.02,4.39,5.98,-2.81
2025-02-07,00:19:36,-0.20,-0.06,0.84,62.68,146.12,-25.15
2025-02-07,00:19:37,-0.99,0.02,-0.08,-22.46,64.27,-11.29
2025-02-07,00:19:37,-0.97,-0.06,-0.26,8.79,-4.82,-8.24
2025-02-07,00:19:38,-0.99,-0.08,-0.13,-0.12,-6.71,1.04
2025-02-07,00:19:38,-0.99,-0.10,-0.09,0.00,-9.03,-7.20
2025-02-07,00:19:39,-0.98,-0.11,-0.12,8.79,-24.66,-4.03
2025-02-07,00:19:39,-0.80,-0.15,0.62,-17.03,-120.30,-6.23
2025-02-07,00:19:40,-0.14,0.07,1.27,4.94,-40.89,5.62
2025-02-07,00:19:40,-0.07,0.04,0.99,-2.75,-4.03,0.61
2025-02-07,00:19:41,-0.04,0.05,1.00,0.55,-1.28,-1.34
2025-02-07,00:19:41,-0.03,0.01,1.03,1.22,-2.08,-0.31
2025-02-07,00:19:42,-0.02,0.02,1.01,0.37,-1.65,-0.37
2025-02-07,00:19:42,-0.01,0.02,1.01,0.55,0.37,-1.16
2025-02-07,00:19:43,-0.02,0.01,1.02,-1.77,0.06,-0.37
2025-02-07,00:19:43,-0.30,0.07,1.08,20.87,21.42,-35.16
2025-02-07,00:19:44,-0.69,-0.14,0.51,-44.07,124.39,10.07
2025-02-07,00:19:44,-0.84,0.15,-0.21,21.97,65.25,11.90
2025-02-07,00:19:45,-1.02,-0.01,-0.17,0.31,11.60,-1.71
2025-02-07,00:19:45,-1.00,-0.04,-0.21,3.36,7.02,0.31
2025-02-07,00:19:46,-0.97,0.02,-0.26,-4.39,11.54,5.25
2025-02-07,00:19:46,-0.97,0.03,-0.27,3.48,0.49,1.77
2025-02-07,00:19:47,-0.97,0.01,-0.26,1.71,-7.63,-1.34
2025-02-07,00:19:47,-1.00,0.08,-0.16,-1.28,-11.35,-1.77
2025-02-07,00:19:48,-1.06,0.14,-0.13,65.19,-36.19,-42.72
2025-02-07,00:19:48,-0.71,-0.54,-0.08,-5.86,-4.76,-93.93
2025-02-07,00:19:49,-0.18,-1.03,0.18,10.93,1.71,-57.68
2025-02-07,00:19:49,-0.12,-1.07,0.15,5.49,-6.16,5.68
2025-02-07,00:19:50,-0.07,-1.02,0.20,5.74,1.65,5.13
2025-02-07,00:19:50,-0.11,-1.00,0.16,0.24,-3.30,-1.83
2025-02-07,00:19:51,-0.17,-0.95,0.20,-2.26,4.52,9.70
2025-02-07,00:19:51,-0.25,-0.94,0.18,-3.66,4.09,18.92
2025-02-07,00:19:52,-0.48,-0.73,-0.12,-35.89,121.58,257.69
2025-02-07,00:19:52,-0.56,0.71,-0.15,-55.97,2.26,145.08
2025-02-07,00:19:53,-0.04,1.02,-0.02,-8.36,-5.68,11.29
2025-02-07,00:19:53,-0.14,0.98,0.07,-2.44,11.47,-5.49
2025-02-07,00:19:54,-0.15,1.07,0.00,-20.26,-19.41,-29.60
2025-02-07,00:19:54,-0.18,1.02,0.17,0.31,0.00,-3.36
2025-02-07,00:19:55,-0.19,0.94,0.18,-5.43,3.42,-3.60
2025-02-07,00:19:55,-0.22,0.94,0.19,-1.59,0.79,-1.83
2025-02-07,00:19:56,-0.21,0.94,0.17,0.00,-1.10,0.73
2025-02-07,00:19:56,-0.23,0.92,0.20,-4.58,1.46,-5.62
2025-02-07,00:19:57,-0.19,1.01,0.18,16.91,21.85,-27.95
2025-02-07,00:19:58,-0.25,1.12,0.08,-20.32,-33.69,-86.91
2025-02-07,00:19:58,-0.73,0.04,-0.79,-22.77,151.67,17.82
2025-02-07,00:19:59,-0.50,-0.23,-0.26,23.93,-6.90,21.85
2025-02-07,00:19:59,-0.23,0.12,-0.96,-9.89,16.30,-6.29
2025-02-07,00:20:00,-0.16,0.05,-0.95,-3.66,7.39,-1.71
2025-02-07,00:20:00,-0.10,0.15,-0.97,-2.14,5.98,5.80
2025-02-07,00:20:01,-0.11,0.15,-0.92,1.77,1.28,2.99
2025-02-07,00:20:01,-0.09,0.16,-0.98,0.37,0.98,1.53
2025-02-07,00:20:02,-0.10,0.12,-0.95,-1.28,-1.59,-2.26
2025-02-07,00:20:02,-0.17,0.15,-1.01,-3.66,-41.32,-19.90
2025-02-07,00:20:03,-0.96,-0.06,-0.28,5.37,-179.32,11.96
2025-02-07,00:20:03,-0.45,0.13,1.01,25.76,-88.87,50.42
2025-02-07,00:20:04,-0.13,-0.01,1.00,-17.15,-16.24,4.39
2025-02-07,00:20:04,-0.03,-0.08,1.04,-6.47,-3.11,56.88
2025-02-07,00:20:05,-0.10,-0.06,0.93,9.77,9.09,-4.94
2025-02-07,00:20:05,-0.08,-0.08,0.99,1.89,-1.77,1.65
2025-02-07,00:20:06,-0.05,-0.07,1.02,3.66,4.88,8.42
2025-02-07,00:20:06,-0.08,-0.09,1.09,6.41,4.88,5.80
2025-02-07,00:20:07,-0.35,0.14,1.02,-0.98,22.95,8.91
2025-02-07,00:20:07,-0.90,0.12,-0.20,-22.16,144.59,-6.71
2025-02-07,00:20:08,-0.70,0.16,-0.51,-16.78,60.49,15.01
2025-02-07,00:20:08,-0.11,0.34,-0.88,4.82,69.27,-2.75
2025-02-07,00:20:09,-0.05,0.38,-0.96,-30.40,-11.78,-50.78
2025-02-07,00:20:09,-0.25,0.26,-0.91,-13.37,-32.96,-36.44
2025-02-07,00:20:10,-0.36,0.02,-0.94,9.77,2.38,-7.57
2025-02-07,00:20:10,-0.32,0.04,-0.88,18.19,6.59,-15.81
2025-02-07,00:20:11,-0.18,0.00,-0.92,-26.18,-122.80,-185.97
2025-02-07,00:20:11,-0.02,-0.74,-0.67,9.83,10.80,-21.24
2025-02-07,00:20:12,0.11,-0.63,-0.77,-2.75,1.40,2.93
2025-02-07,00:20:12,0.11,-0.73,-0.69,2.62,1.10,0.37
2025-02-07,00:20:13,0.11,-0.73,-0.65,7.75,0.12,3.11
2025-02-07,00:20:13,0.10,-0.71,-0.68,2.01,-1.59,-1.04
2025-02-07,00:20:14,0.10,-0.72,-0.67,3.23,-1.89,1.34
2025-02-07,00:20:14,0.09,-0.77,-0.65,1.59,1.89,-1.16
2025-02-07,00:20:15,0.10,-0.74,-0.66,4.09,0.37,2.20
2025-02-07,00:20:15,-0.28,-0.85,-0.34,36.07,-33.87,87.83
2025-02-07,00:20:16,-0.47,0.72,0.18,32.53,-119.93,141.60
2025-02-07,00:20:16,0.09,0.73,0.71,-28.20,-27.53,8.48
2025-02-07,00:20:17,-0.09,0.57,0.73,5.31,-7.75,1.16
2025-02-07,00:20:17,-0.05,0.58,0.78,-0.06,-4.88,7.45
2025-02-07,00:20:18,-0.12,0.56,0.79,6.29,0.61,-9.03
2025-02-07,00:20:18,-0.07,0.60,0.76,-0.73,-4.39,-0.12
2025-02-07,00:20:19,-0.05,0.61,0.83,1.22,1.71,0.55
2025-02-07,00:20:19,-0.07,0.58,0.75,15.20,-1.59,-3.17
2025-02-07,00:20:20,-0.09,0.61,0.80,-3.85,-0.18,-0.61
2025-02-07,00:20:20,-0.06,0.65,0.76,-2.81,-2.56,-0.37
2025-02-07,00:20:21,-0.05,0.61,0.78,-0.61,-2.38,-1.04
2025-02-07,00:20:21,-0.04,0.62,0.78,-0.79,-0.43,-2.01
2025-02-07,00:20:22,-0.05,0.60,0.76,0.37,-1.95,0.79
2025-02-07,00:20:22,-0.05,0.62,0.82,0.00,0.06,-3.30
2025-02-07,00:20:23,-0.05,0.62,0.81,7.45,-3.17,-0.12
2025-02-07,00:20:23,-0.05,0.62,0.79,2.01,1.46,0.92
2025-02-07,00:20:24,-0.19,0.66,0.72,1.77,-12.57,-5.62
2025-02-07,00:20:24,-0.51,0.40,0.78,-1.46,-28.08,-68.54
2025-02-07,00:20:25,-0.22,0.34,0.63,-56.70,19.65,48.22
2025-02-07,00:20:25,0.67,1.06,0.81,-41.69,-269.47,99.06
2025-02-07,00:20:26,0.96,-0.11,-0.05,-20.02,41.50,55.30
2025-02-07,00:20:26,0.96,-0.16,-0.09,2.81,0.55,12.27
2025-02-07,00:20:27,1.00,-0.14,-0.03,-2.01,-3.91,1.71
2025-02-07,00:20:27,0.96,-0.22,-0.10,1.40,-2.81,3.36
2025-02-07,00:20:28,0.97,-0.22,-0.09,0.43,2.50,-1.83
2025-02-07,00:20:28,0.97,-0.25,-0.07,-1.04,0.06,1.71
2025-02-07,00:20:29,0.99,-0.22,-0.09,-3.17,2.01,5.07
2025-02-07,00:20:29,0.98,-0.23,-0.06,0.49,0.31,-0.49
2025-02-07,00:20:30,0.97,-0.24,-0.07,0.06,-1.34,0.24
2025-02-07,00:20:30,0.97,-0.25,-0.07,0.00,-1.10,0.85
2025-02-07,00:20:31,0.98,-0.22,-0.05,-0.98,0.67,-1.46
2025-02-07,00:20:31,1.35,0.68,0.92,-111.08,132.39,-272.22
2025-02-07,00:20:32,-0.74,-0.10,0.72,-74.10,115.66,-75.81
2025-02-07,00:20:32,-1.03,-0.07,0.12,4.39,7.39,-5.25
2025-02-07,00:20:33,-1.00,-0.03,0.03,0.79,-6.59,-1.83
2025-02-07,00:20:33,-1.01,-0.08,0.06,0.12,-0.43,-1.59
2025-02-07,00:20:34,-1.00,-0.10,0.02,2.81,5.43,-5.07
2025-02-07,00:20:34,-0.99,-0.13,0.04,-7.75,-2.44,0.37
2025-02-07,00:20:35,-0.99,-0.22,0.05,-2.93,-2.69,7.32
2025-02-07,00:20:35,-0.99,-0.15,-0.02,-2.20,9.34,14.22
2025-02-07,00:20:36,0.02,0.96,0.26,-82.40,-44.19,238.46
2025-02-07,00:20:36,0.39,0.92,0.05,-13.00,-5.86,4.09
2025-02-07,00:20:37,0.38,0.87,0.07,2.75,-4.52,1.53
2025-02-07,00:20:37,0.39,0.91,0.11,-2.08,-0.67,-2.38
2025-02-07,00:20:38,0.38,0.91,0.08,0.79,0.00,-0.73
2025-02-07,00:20:38,0.40,0.91,0.09,-0.92,-0.37,-0.18
2025-02-07,00:20:39,0.39,0.92,0.12,-0.73,-0.06,-2.50
2025-02-07,00:20:39,0.38,0.91,0.12,-0.79,-3.30,2.38
2025-02-07,00:20:40,0.40,0.92,0.11,-1.46,-3.05,-1.10
2025-02-07,00:20:40,0.41,0.91,0.10,0.55,-0.79,-2.56
2025-02-07,00:20:41,0.43,0.92,0.08,-0.18,-0.43,-0.24
2025-02-07,00:20:41,0.41,0.89,0.12,-0.98,-0.37,-0.43
2025-02-07,00:20:42,0.42,0.90,0.11,0.61,-1.71,-2.08
2025-02-07,00:20:42,0.42,0.90,0.11,0.61,-0.85,0.00
2025-02-07,00:20:43,0.44,0.91,0.09,-1.34,-2.14,2.69
2025-02-07,00:20:43,-0.31,0.62,-0.04,21.79,62.81,-160.28
2025-02-07,00:20:44,-0.04,-0.72,0.81,-19.71,-57.50,-93.57
2025-02-07,00:20:44,0.01,-0.70,0.78,0.49,-5.31,4.39
2025-02-07,00:20:45,0.04,-0.69,0.77,-0.06,2.14,-1.10
2025-02-07,00:20:45,0.05,-0.66,0.74,4.82,-14.28,-4.94
2025-02-07,00:20:46,0.06,-0.71,0.76,3.23,-0.55,-2.99
2025-02-07,00:20:46,0.06,-0.65,0.80,-0.12,-3.78,-2.01
2025-02-07,00:20:47,0.06,-0.62,0.81,-2.56,1.22,1.83
2025-02-07,00:20:47,-0.02,-0.66,0.84,2.69,5.43,5.31
2025-02-07,00:20:48,-0.06,-0.63,0.75,0.06,2.44,3.17
2025-02-07,00:20:48,-0.37,-0.96,0.53,-45.59,148.32,152.53
2025-02-07,00:20:49,-0.14,0.28,-1.26,45.65,-16.97,17.82
2025-02-07,00:20:49,-0.28,0.44,-0.82,1.16,-6.53,-1.89
2025-02-07,00:20:50,-0.38,0.38,-0.81,17.88,-11.05,-25.51
2025-02-07,00:20:50,-0.38,0.31,-0.84,8.73,-2.01,-7.63
2025-02-07,00:20:51,-0.43,0.27,-0.89,1.71,-0.67,-1.34
2025-02-07,00:20:51,-0.51,0.22,-0.58,-24.48,2.38,26.06
2025-02-07,00:20:52,-0.45,0.55,-0.66,46.51,-216.86,-91.49
2025-02-07,00:20:52,0.44,0.41,1.01,-88.32,-67.69,24.96
2025-02-07,00:20:53,0.33,0.25,0.92,-0.61,8.61,3.11
2025-02-07,00:20:53,0.32,0.25,0.94,-5.13,4.33,0.18
2025-02-07,00:20:54,0.29,0.27,0.89,-3.97,1.10,2.81
2025-02-07,00:20:54,0.34,0.20,0.98,-0.49,1.59,-6.10
2025-02-07,00:20:55,0.27,0.27,0.88,0.85,3.05,-0.73
2025-02-07,00:20:55,0.24,0.21,0.91,-2.93,7.14,-7.08
2025-02-07,00:20:56,0.17,0.16,0.94,10.56,67.26,-0.61
2025-02-07,00:20:56,0.11,0.25,1.02,-2.75,-1.53,-5.37
2025-02-07,00:20:57,0.10,0.24,0.98,-5.92,-3.85,0.67
2025-02-07,00:20:57,0.06,0.15,0.94,-3.05,1.53,2.56
2025-02-07,00:20:58,0.12,0.17,0.99,-2.81,2.20,4.39
2025-02-07,00:20:58,0.13,0.19,1.03,0.43,-0.67,-3.91
2025-02-07,00:20:59,0.06,0.09,0.95,0.18,3.42,2.26
2025-02-07,00:20:59,0.08,0.15,0.97,2.75,2.56,-0.24
2025-02-07,00:21:00,-0.12,0.10,0.91,-14.40,20.26,-32.53
2025-02-07,00:21:01,-0.02,-0.12,0.86,58.72,-62.93,-24.54
2025-02-07,00:21:01,1.18,0.25,0.36,-12.15,-305.97,78.00
2025-02-07,00:21:02,0.34,-0.29,-0.74,-18.07,-11.05,-33.14
2025-02-07,00:21:02,0.56,-0.26,-1.00,274.29,-135.44,-116.70
2025-02-07,00:21:03,0.48,0.05,-0.94,-33.14,16.17,-0.98
2025-02-07,00:21:03,0.47,0.18,-0.83,-2.01,-3.17,4.33
2025-02-07,00:21:04,0.52,0.20,-0.80,-0.98,-1.28,12.94
2025-02-07,00:21:04,0.46,0.18,-0.82,-4.15,14.10,-8.97
2025-02-07,00:21:05,0.49,0.22,-0.78,3.36,5.68,6.23
2025-02-07,00:21:05,0.51,0.21,-0.79,-7.81,-0.61,-1.46
2025-02-07,00:21:06,0.55,0.22,-0.76,-6.04,4.82,-4.88
2025-02-07,00:21:06,0.57,0.22,-0.76,-3.42,2.99,-2.44
2025-02-07,00:21:07,0.59,0.25,-0.69,0.24,-2.08,0.24
2025-02-07,00:21:07,0.60,0.23,-0.70,-8.97,33.57,12.15
2025-02-07,00:21:08,0.85,1.09,0.60,-265.26,197.88,-62.62
2025-02-07,00:21:08,-0.10,-0.06,0.97,8.24,13.92,16.36
2025-02-07,00:21:09,-0.03,0.13,1.04,4.39,-3.60,-3.54
2025-02-07,00:21:09,0.06,0.12,1.05,-4.39,-5.55,2.56
2025-02-07,00:21:10,0.04,0.16,1.00,2.08,-1.89,0.49
2025-02-07,00:21:10,0.03,0.14,1.00,-0.37,-0.61,-1.71
2025-02-07,00:21:11,0.06,0.12,0.99,2.56,-0.98,-2.93
2025-02-07,00:21:11,0.05,0.13,1.00,-0.43,-2.87,-0.79
2025-02-07,00:21:12,0.06,0.11,0.99,0.73,-0.43,0.61
2025-02-07,00:21:12,0.07,0.13,1.01,-1.71,0.43,1.04
2025-02-07,00:21:13,0.07,0.12,0.98,0.85,0.12,-1.28
2025-02-07,00:21:13,0.07,0.12,1.00,-1.22,-0.67,0.24
2025-02-07,00:21:14,0.06,0.12,1.01,0.98,-5.86,-0.61
2025-02-07,00:21:14,0.08,0.12,1.01,0.43,-1.89,-0.55
2025-02-07,00:21:15,0.07,0.12,1.02,-0.79,-2.32,-1.65
2025-02-07,00:21:15,0.09,0.13,1.01,0.61,0.24,0.24
2025-02-07,00:21:16,0.08,0.12,1.02,-0.24,-0.24,0.12
2025-02-07,00:21:16,0.08,0.11,1.00,-0.49,0.37,-1.04
2025-02-07,00:21:17,0.09,0.12,1.02,0.31,-0.31,1.59
2025-02-07,00:21:17,0.07,0.11,1.00,-0.85,0.00,0.43
2025-02-07,00:21:18,0.09,0.13,1.03,0.98,-2.20,-2.08
2025-02-07,00:21:18,0.09,0.09,1.01,-1.28,-2.69,2.62
2025-02-07,00:21:19,0.15,0.12,1.03,4.21,-0.73,-1.46
2025-02-07,00:21:19,0.14,0.12,0.99,-4.70,-0.79,3.54
2025-02-07,00:21:20,0.15,0.09,0.99,13.55,-2.75,24.96
2025-02-07,00:21:20,0.51,0.12,0.77,38.45,-42.42,42.54
2025-02-07,00:21:21,0.74,0.33,0.61,-16.91,-0.61,-10.19
2025-02-07,00:21:21,0.87,0.12,0.44,-10.01,-19.90,5.49
2025-02-07,00:21:22,0.98,-0.14,0.03,41.32,-8.30,4.39
2025-02-07,00:21:22,0.62,-0.53,-0.54,51.64,-20.63,-2.99
2025-02-07,00:21:23,-0.52,-0.63,-0.39,182.19,-132.14,4.46
2025-02-07,00:21:23,-0.80,-0.09,0.17,39.67,-3.05,41.26
2025-02-07,00:21:24,-1.00,-0.14,0.27,15.50,2.26,-5.74
2025-02-07,00:21:24,-0.97,0.06,0.17,11.90,-18.98,-22.71
2025-02-07,00:21:25,-1.02,0.04,0.13,124.51,-181.64,-92.41
2025-02-07,00:21:25,-1.00,-0.05,-0.09,13.73,-20.81,11.72
2025-02-07,00:21:26,-1.00,-0.04,-0.13,-2.93,-2.50,2.20
2025-02-07,00:21:26,-1.01,-0.05,-0.09,-1.04,2.20,0.06
2025-02-07,00:21:27,-1.00,-0.03,-0.08,-1.16,-1.77,-0.31
2025-02-07,00:21:27,-1.01,-0.07,-0.08,2.69,-2.14,-2.56
2025-02-07,00:21:28,-1.00,-0.07,-0.06,-0.43,-0.98,-0.98
2025-02-07,00:21:28,-1.00,-0.09,-0.04,0.06,-1.04,-1.28
2025-02-07,00:21:29,-1.00,-0.10,-0.04,2.14,-2.14,-0.31
2025-02-07,00:21:29,-1.00,-0.10,-0.05,0.67,-1.34,0.31
2025-02-07,00:21:30,-1.00,-0.10,-0.04,3.54,-1.40,0.06
2025-02-07,00:21:30,-0.99,-0.11,-0.02,12.57,-2.14,-6.16
2025-02-07,00:21:31,-1.02,-0.19,-0.03,-20.75,3.91,4.94
2025-02-07,00:21:31,-1.00,-0.15,-0.06,0.92,-0.98,0.85
2025-02-07,00:21:32,-1.01,-0.13,-0.02,2.56,-0.98,-0.85
2025-02-07,00:21:32,-1.00,-0.14,-0.01,1.46,3.66,-0.31
2025-02-07,00:21:33,-1.00,-0.14,-0.02,-8.24,6.65,-2.56
2025-02-07,00:21:33,-0.99,-0.17,-0.10,1.34,0.79,-3.23
2025-02-07,00:21:34,-0.87,0.00,-0.32,-93.38,59.63,89.78
2025-02-07,00:21:34,-0.36,0.19,-0.83,-15.20,34.12,24.84
2025-02-07,00:21:35,-0.13,0.24,-0.93,35.28,55.91,15.99
2025-02-07,00:21:35,-0.04,0.12,-0.90,92.77,-13.43,8.97
2025-02-07,00:21:36,0.04,0.01,-0.93,-3.36,2.44,3.36
2025-02-07,00:21:36,0.07,0.01,-0.92,1.22,4.64,-2.20
2025-02-07,00:21:37,0.12,-0.02,-0.97,2.38,2.44,0.92
2025-02-07,00:21:37,0.13,-0.01,-0.98,0.00,-2.69,0.12
2025-02-07,00:21:38,0.13,-0.06,-0.96,3.60,0.37,1.34
2025-02-07,00:21:38,0.11,-0.08,-0.95,3.05,0.00,-0.37
2025-02-07,00:21:39,0.11,-0.10,-0.96,1.04,-0.61,1.10
2025-02-07,00:21:39,0.11,-0.11,-0.96,2.87,0.92,1.16
2025-02-07,00:21:40,0.12,-0.12,-0.97,2.56,-0.98,-0.61
2025-02-07,00:21:40,0.11,-0.14,-0.98,3.17,-1.22,0.61
2025-02-07,00:21:41,0.11,-0.15,-0.96,1.16,-1.46,-0.31
2025-02-07,00:21:41,0.12,-0.16,-0.96,2.14,-2.75,1.28
2025-02-07,00:21:42,0.12,-0.17,-0.97,0.55,0.55,0.12
2025-02-07,00:21:42,0.12,-0.16,-0.96,1.89,-1.04,0.98
2025-02-07,00:21:43,0.11,-0.19,-0.95,1.10,-1.04,0.18
2025-02-07,00:21:43,0.11,-0.18,-0.94,0.98,0.55,-0.06
2025-02-07,00:21:44,0.11,-0.20,-0.93,1.10,-0.24,-0.67
2025-02-07,00:21:44,0.11,-0.19,-0.94,-0.12,-2.38,-0.37
2025-02-07,00:21:45,0.12,-0.18,-0.96,3.85,-4.64,2.20
2025-02-07,00:21:45,0.11,-0.21,-0.94,1.46,-2.81,0.49
2025-02-07,00:21:46,0.07,-0.24,-0.90,0.18,3.48,-0.43
2025-02-07,00:21:46,0.18,-0.17,-0.81,-2.14,7.39,-9.83
2025-02-07,00:21:47,0.16,-0.27,-0.87,0.49,-0.18,4.94
2025-02-07,00:21:47,0.09,-0.61,-1.07,-67.93,25.94,17.64
2025-02-07,00:21:48,0.07,-0.42,-0.76,-44.19,-1.28,41.75
2025-02-07,00:21:48,0.04,0.21,-0.84,-36.68,-6.29,-4.39
2025-02-07,00:21:49,-0.03,0.25,-0.91,38.51,-21.42,-5.62
2025-02-07,00:21:49,-0.13,0.21,-0.80,7.08,14.83,0.31
2025-02-07,00:21:50,0.04,-0.16,-1.05,22.64,-32.23,-18.49
2025-02-07,00:21:50,-0.54,-0.49,-0.25,21.67,28.93,22.83
2025-02-07,00:21:51,0.03,-0.54,-0.88,-13.43,-9.58,-29.97
2025-02-07,00:21:51,-0.15,-0.52,-0.87,-14.53,1.77,14.53
2025-02-07,00:21:52,-0.11,-0.49,-0.85,1.65,0.18,2.75
2025-02-07,00:21:52,-0.10,-0.51,-0.86,2.08,3.54,-3.97
2025-02-07,00:21:53,-0.07,-0.51,-0.83,-0.06,2.87,-0.73
2025-02-07,00:21:53,0.03,-0.53,-0.86,8.18,7.93,0.85
2025-02-07,00:21:54,-0.51,-0.78,-0.32,-8.73,28.75,-25.82
2025-02-07,00:21:54,-0.08,-0.80,-0.68,-17.76,10.68,-8.67
2025-02-07,00:21:55,-0.19,-0.76,-0.73,-6.16,-10.19,9.70
2025-02-07,00:21:55,0.14,-0.44,-0.93,1.04,4.27,10.44
2025-02-07,00:21:56,-0.06,-0.51,-0.86,2.69,5.68,1.10
2025-02-07,00:21:56,-0.05,-0.53,-0.84,-0.43,-3.91,0.73
2025-02-07,00:21:57,-0.07,-0.53,-0.82,0.73,-1.59,-0.18
2025-02-07,00:21:57,-0.07,-0.53,-0.83,1.16,-1.46,-0.31
2025-02-07,00:21:58,-0.07,-0.52,-0.81,-2.62,0.18,1.22
2025-02-07,00:21:58,-0.08,-0.54,-0.83,-0.73,0.31,-0.73
2025-02-07,00:21:59,0.10,-0.57,-0.85,-0.67,-13.79,-21.24
2025-02-07,00:21:59,-0.03,-0.49,-0.82,-1.71,-29.48,42.42
2025-02-07,00:22:00,-0.11,-0.70,-0.69,0.73,2.01,-5.86
2025-02-07,00:22:00,-0.18,-0.70,-0.70,-2.38,4.52,1.77
2025-02-07,00:22:01,0.05,-0.69,-0.88,-6.59,-14.59,23.50
2025-02-07,00:22:01,-0.20,-0.58,-0.78,2.14,0.12,0.55
2025-02-07,00:22:02,-0.20,-0.63,-0.78,-0.24,-0.31,1.71
2025-02-07,00:22:02,-0.23,-0.62,-0.75,5.86,-4.64,-0.43
2025-02-07,00:22:03,-0.24,-0.66,-0.71,2.08,-1.28,-1.04
2025-02-07,00:22:04,-0.19,-0.65,-0.76,13.24,1.65,10.01
2025-02-07,00:22:04,-0.32,-0.63,-0.70,2.50,-2.38,-2.69
2025-02-07,00:22:05,-0.26,-0.72,-0.65,2.20,3.60,-1.53
2025-02-07,00:22:05,-1.41,-0.25,0.49,32.35,32.35,32.78
2025-02-07,00:22:06,-1.00,-0.09,0.14,-8.61,-13.24,7.08
2025-02-07,00:22:06,-1.00,-0.06,-0.04,0.98,0.61,-1.65
2025-02-07,00:22:07,-1.00,-0.01,0.01,-8.24,-0.18,7.45
2025-02-07,00:22:07,-0.99,0.00,0.01,-3.30,-1.65,-2.81
2025-02-07,00:22:08,-0.75,0.09,0.14,-66.47,-58.04,6.29
2025-02-07,00:22:08,-1.03,0.10,0.03,7.02,-32.10,39.43
2025-02-07,00:22:09,-0.98,0.05,0.23,-8.97,-3.72,-4.33
2025-02-07,00:22:09,-0.98,0.02,0.25,-0.06,-0.55,1.53
2025-02-07,00:22:10,-0.98,0.03,0.25,-3.91,-1.40,0.79
2025-02-07,00:22:10,-0.97,0.05,0.25,-2.62,-1.40,-0.24
2025-02-07,00:22:11,-0.98,0.01,0.25,-1.10,1.40,-4.09
2025-02-07,00:22:11,-1.12,-0.19,0.26,24.41,29.79,-7.39
2025-02-07,00:22:12,-0.96,0.00,0.19,20.26,8.54,-4.64
2025-02-07,00:22:12,-1.05,-0.04,0.03,-4.33,-1.65,6.90
2025-02-07,00:22:13,-1.00,0.04,0.05,-0.73,2.20,-3.54
2025-02-07,00:22:13,-1.01,0.04,0.02,-3.48,-1.28,-1.71
2025-02-07,00:22:14,-1.01,0.03,0.03,-4.46,2.56,-1.28
2025-02-07,00:22:14,-0.88,-0.01,-0.02,-19.04,-10.80,-4.94
2025-02-07,00:22:15,-1.17,-0.18,0.24,8.61,-19.23,-15.14
2025-02-07,00:22:15,-0.98,-0.04,0.30,-3.23,-6.53,1.59
2025-02-07,00:22:16,-0.98,-0.04,0.27,-3.54,2.38,1.34
2025-02-07,00:22:16,-0.97,-0.03,0.28,0.31,-9.46,3.23
2025-02-07,00:22:17,-0.97,-0.03,0.28,-3.17,0.67,0.06
2025-02-07,00:22:17,-0.97,-0.04,0.30,-5.13,-2.01,0.12
2025-02-07,00:22:18,-0.96,-0.05,0.33,1.28,-10.50,3.48
2025-02-07,00:22:18,-0.89,0.02,0.49,17.21,-46.14,20.69
2025-02-07,00:22:19,-0.90,-0.06,0.56,-4.94,6.84,-9.89
2025-02-07,00:22:19,-0.92,-0.20,0.36,-12.08,7.14,6.53
2025-02-07,00:22:20,-0.91,-0.15,0.41,0.67,-1.83,-2.14
2025-02-07,00:22:20,-0.91,-0.16,0.44,0.67,-2.87,-1.59
2025-02-07,00:22:21,-0.86,-0.19,0.51,-5.86,6.16,-0.67
2025-02-07,00:22:21,-0.90,-0.34,0.42,33.57,-30.09,6.77
2025-02-07,00:22:22,-0.02,0.03,1.38,-27.83,-142.58,60.18
2025-02-07,00:22:22,-0.04,-0.01,0.96,-6.23,-6.53,11.66
2025-02-07,00:22:23,-0.05,-0.08,0.99,8.00,0.06,-8.97
2025-02-07,00:22:23,-0.01,-0.01,0.99,11.17,-0.98,-15.20
2025-02-07,00:22:24,0.15,0.53,0.91,12.15,130.62,-201.54
2025-02-07,00:22:24,-0.12,-1.24,0.63,43.82,69.09,-78.98
2025-02-07,00:22:25,0.20,-0.64,0.85,-17.82,-9.09,8.79
2025-02-07,00:22:25,0.20,-0.67,0.79,4.58,-7.14,-0.73
2025-02-07,00:22:26,0.18,-0.87,0.71,0.92,1.28,-20.45
2025-02-07,00:22:26,0.42,-0.79,0.90,113.28,-16.05,89.97
2025-02-07,00:22:27,-0.44,0.30,1.11,10.31,6.90,4.33
2025-02-07,00:22:27,-0.16,0.06,1.01,0.92,-8.61,-3.36
2025-02-07,00:22:28,-0.14,0.03,1.02,-6.65,-9.03,3.05
2025-02-07,00:22:28,-0.14,0.08,1.01,2.26,3.60,-2.99
2025-02-07,00:22:29,-0.15,-0.01,0.95,-1.16,2.20,0.43
2025-02-07,00:22:29,-0.10,-0.03,1.01,5.86,2.44,2.50
2025-02-07,00:22:30,-0.10,0.02,1.06,3.85,1.59,-1.53
2025-02-07,00:22:30,-0.10,0.01,1.01,3.48,2.93,0.55
2025-02-07,00:22:31,-0.10,0.05,1.02,0.61,-2.75,-3.48
2025-02-07,00:22:31,-0.08,0.08,1.05,1.89,-3.72,-2.93
2025-02-07,00:22:32,0.03,0.06,1.09,0.18,0.06,-1.83
2025-02-07,00:22:32,0.62,0.07,1.33,14.71,18.07,-8.48
2025-02-07,00:22:33,0.67,-0.47,1.04,57.37,55.79,29.05
2025-02-07,00:22:33,-0.21,-0.19,0.91,-16.97,-36.62,-20.81
2025-02-07,00:22:34,-0.13,-0.21,0.98,-7.14,-5.55,0.12
2025-02-07,00:22:34,-0.16,-0.30,0.96,-2.50,3.48,-18.31
2025-02-07,00:22:35,-0.11,-0.35,0.95,2.38,-10.13,-5.00
2025-02-07,00:22:35,-0.08,-0.34,0.97,10.31,-0.67,5.19
2025-02-07,00:22:36,-0.06,-0.32,0.99,5.25,0.18,6.35
2025-02-07,00:22:36,-0.10,-0.30,0.94,-0.12,-4.46,1.04
2025-02-07,00:22:37,-0.12,-0.29,1.03,-3.17,2.01,-0.61
2025-02-07,00:22:37,-0.08,-0.30,0.99,5.55,-10.13,-11.90
2025-02-07,00:22:38,-0.07,-0.30,0.95,3.05,2.20,-0.73
2025-02-07,00:22:38,-0.08,-0.23,1.03,-1.59,-1.10,1.28
2025-02-07,00:22:39,-0.07,-0.31,0.94,0.24,2.20,0.79
2025-02-07,00:22:39,-0.08,-0.28,0.99,-0.61,2.62,0.31
2025-02-07,00:22:40,-0.08,-0.30,0.97,-1.65,-0.43,0.18
2025-02-07,00:22:40,-0.08,-0.31,0.98,5.55,-1.71,-2.44
2025-02-07,00:22:41,-0.05,-0.32,1.02,4.33,-7.93,-2.44
2025-02-07,00:22:41,-0.75,0.41,-0.12,-186.65,139.34,126.89
2025-02-07,00:22:42,-0.90,0.13,-0.05,-26.49,15.69,17.46
2025-02-07,00:22:42,-1.00,-0.02,0.07,-2.75,1.83,2.50
2025-02-07,00:22:43,-1.00,-0.04,0.08,1.77,-1.65,1.28
2025-02-07,00:22:43,-0.99,-0.01,0.08,-2.14,-14.53,0.55
2025-02-07,00:22:44,-1.00,-0.02,0.15,-3.05,-1.89,-1.65
2025-02-07,00:22:44,-1.01,-0.02,0.12,4.03,-9.64,-2.26
2025-02-07,00:22:45,-0.98,-0.10,0.19,1.46,0.73,-0.06
2025-02-07,00:22:45,-0.99,-0.08,0.22,-2.26,-2.14,-1.10
2025-02-07,00:22:46,-0.98,-0.06,0.21,1.59,-1.59,-1.16
2025-02-07,00:22:46,-0.99,-0.13,0.21,2.81,-1.83,-0.31
2025-02-07,00:22:47,-0.98,-0.10,0.23,-1.10,-3.78,-0.31
2025-02-07,00:22:47,-0.98,-0.09,0.23,0.73,0.31,1.04
2025-02-07,00:22:48,-0.98,-0.09,0.24,-2.38,-3.17,0.37
2025-02-07,00:22:48,-0.98,-0.10,0.26,20.81,-11.17,-5.31
2025-02-07,00:22:49,-1.00,-0.12,0.37,-34.36,23.62,4.58
2025-02-07,00:22:49,-0.16,1.17,0.81,-27.53,-137.27,175.66
2025-02-07,00:22:50,-0.07,0.67,0.93,-37.84,-5.55,14.28
2025-02-07,00:22:50,0.09,0.71,0.70,0.67,-3.85,-19.23
2025-02-07,00:22:51,0.05,0.61,0.79,-1.83,4.46,0.49
2025-02-07,00:22:51,0.05,0.62,0.82,-0.24,1.59,-2.26
2025-02-07,00:22:52,0.04,0.62,0.81,0.49,-0.43,0.55
2025-02-07,00:22:52,0.01,0.57,0.83,2.20,-3.91,-0.18
2025-02-07,00:22:53,0.03,0.54,0.86,-3.72,1.28,0.18
2025-02-07,00:22:53,0.05,0.55,0.85,-2.93,0.79,2.69
2025-02-07,00:22:54,0.03,0.50,0.88,-1.71,-0.37,0.98
2025-02-07,00:22:54,0.05,0.50,0.90,-0.12,-2.08,1.65
2025-02-07,00:22:55,0.06,0.49,0.89,-4.33,-1.77,0.49
2025-02-07,00:22:55,0.03,0.42,0.93,0.06,-0.18,-1.40
2025-02-07,00:22:56,0.04,0.41,0.92,-2.32,0.61,0.79
2025-02-07,00:22:56,0.03,0.40,0.94,-1.53,1.46,-0.24
2025-02-07,00:22:57,0.02,0.36,0.96,-9.52,4.21,2.32
2025-02-07,00:22:57,0.00,0.35,0.96,-4.70,2.44,2.75
2025-02-07,00:22:58,0.02,0.35,1.01,-3.54,6.53,4.27
2025-02-07,00:22:58,-0.02,0.29,0.97,-9.28,1.40,-2.69
2025-02-07,00:22:59,-0.09,0.15,0.98,-18.07,11.17,-1.77
2025-02-07,00:22:59,-0.33,0.39,1.01,-7.39,90.45,21.67
2025-02-07,00:23:00,-0.29,-0.66,-0.22,119.93,182.86,-284.00
2025-02-07,00:23:00,-0.15,-0.94,0.19,-14.47,29.60,81.54
2025-02-07,00:23:01,-0.19,-0.71,0.56,8.18,-18.55,-6.29
2025-02-07,00:23:01,-0.21,-0.85,0.53,-0.24,0.85,-21.24
2025-02-07,00:23:02,-0.14,-0.86,0.51,-12.88,-23.80,15.14
2025-02-07,00:23:02,-0.17,-0.88,0.45,8.48,15.75,-7.20
2025-02-07,00:23:03,-0.13,-0.90,0.51,-2.44,2.08,4.70
2025-02-07,00:23:03,-0.18,-0.86,0.49,-3.36,-0.85,4.70
2025-02-07,00:23:04,-0.17,-0.87,0.47,-6.84,-3.60,-0.92
2025-02-07,00:23:04,-0.16,-0.83,0.50,-8.91,-10.13,7.87
2025-02-07,00:23:05,0.01,-0.84,0.51,-3.36,-0.92,4.09
2025-02-07,00:23:05,0.12,-0.83,0.56,-0.85,-6.65,-15.50
2025-02-07,00:23:06,0.07,-0.88,0.50,-2.62,0.00,-0.24
2025-02-07,00:23:07,0.08,-0.87,0.53,10.86,-1.34,-15.99
2025-02-07,00:23:07,0.07,-0.89,0.54,-0.43,-0.37,7.26
2025-02-07,00:23:08,0.13,-1.03,0.67,63.84,47.49,-51.39
2025-02-07,00:23:08,0.84,-0.02,0.74,65.73,-86.30,-30.27
2025-02-07,00:23:09,1.02,0.40,-0.01,38.57,12.02,-20.20
2025-02-07,00:23:09,0.98,0.16,0.04,38.27,-54.87,-11.96
2025-02-07,00:23:10,0.82,0.34,-0.05,-31.07,17.15,23.68
2025-02-07,00:23:10,0.94,0.22,-0.27,20.32,-30.21,-30.09
2025-02-07,00:23:11,0.84,0.27,-0.24,40.95,-33.39,-3.42
2025-02-07,00:23:11,0.99,0.07,-0.20,25.70,-33.45,-16.72
2025-02-07,00:23:12,0.88,0.14,-0.45,22.95,0.06,-22.52
2025-02-07,00:23:12,0.86,0.10,-0.48,-0.98,-15.14,0.18
2025-02-07,00:23:13,0.86,0.19,-0.47,0.37,-1.77,-2.44
2025-02-07,00:23:13,0.88,0.19,-0.40,-1.16,7.02,0.12
2025-02-07,00:23:14,0.88,0.20,-0.46,-2.01,4.58,-4.39
2025-02-07,00:23:14,0.71,0.48,-0.46,25.02,-26.25,-40.71
2025-02-07,00:23:15,0.27,0.97,0.08,-41.63,-57.86,-45.35
2025-02-07,00:23:15,0.36,0.83,0.74,-6.90,-6.23,16.42
2025-02-07,00:23:16,0.09,0.68,0.79,-14.10,9.40,-9.46
2025-02-07,00:23:16,-0.34,0.42,0.59,-3.78,4.88,-78.25
2025-02-07,00:23:17,-0.59,0.83,0.64,35.64,117.61,45.96
2025-02-07,00:23:17,-0.88,0.35,0.44,-27.89,56.21,12.76
2025-02-07,00:23:18,-0.82,0.28,0.24,-13.24,-4.03,-15.56
2025-02-07,00:23:18,-0.39,-0.10,0.72,61.71,7.39,46.33
2025-02-07,00:23:19,-0.15,-0.19,0.99,-4.76,-2.50,-30.33
2025-02-07,00:23:19,-0.12,-0.09,0.98,-6.29,-26.49,-5.13
2025-02-07,00:23:20,-0.04,-0.09,0.96,2.32,6.96,26.37
2025-02-07,00:23:20,0.06,0.00,1.08,-5.00,-30.88,14.59
2025-02-07,00:23:21,0.02,0.03,0.99,-8.00,-1.10,15.75
2025-02-07,00:23:21,0.06,0.04,1.03,-1.71,-5.86,1.53
2025-02-07,00:23:22,0.04,0.04,1.05,3.54,5.07,-4.46
2025-02-07,00:23:22,0.03,0.05,1.02,0.37,-0.67,-1.65
2025-02-07,00:23:23,0.03,0.06,1.04,1.83,-2.56,-2.50
2025-02-07,00:23:23,0.03,0.07,1.04,-0.61,-1.40,-0.92
2025-02-07,00:23:24,0.05,0.05,1.06,-0.92,-0.24,-0.06
2025-02-07,00:23:24,0.03,0.06,1.00,0.61,2.87,-1.28
2025-02-07,00:23:25,0.02,0.08,0.99,0.79,2.20,-5.86
2025-02-07,00:23:25,0.31,0.23,0.98,-9.09,7.63,32.96
2025-02-07,00:23:26,0.14,0.21,1.34,-124.76,-113.95,136.54
2025-02-07,00:23:26,-0.30,-0.08,0.78,-98.75,232.91,9.52
2025-02-07,00:23:27,-0.22,-1.07,-0.47,46.81,-30.58,-102.97
2025-02-07,00:23:27,-0.05,-1.06,-0.26,44.19,29.05,-13.55
2025-02-07,00:23:28,-0.15,-1.01,-0.09,-6.90,-4.94,6.35
2025-02-07,00:23:28,-0.17,-1.02,-0.13,-4.52,-8.36,0.43
2025-02-07,00:23:29,-0.16,-0.99,-0.18,2.01,3.91,-2.44
2025-02-07,00:23:29,-0.16,-0.99,-0.13,-3.23,-3.54,-1.34
2025-02-07,00:23:30,-0.14,-1.00,-0.16,-1.34,1.16,-0.92
2025-02-07,00:23:30,-0.14,-0.99,-0.16,0.67,2.44,1.34
2025-02-07,00:23:31,-0.14,-1.01,-0.17,-0.43,-2.14,-0.49
2025-02-07,00:23:31,-0.13,-0.99,-0.17,0.73,3.78,-1.65
2025-02-07,00:23:32,-0.13,-0.99,-0.20,-1.16,-0.98,-1.53
2025-02-07,00:23:32,-0.13,-0.97,-0.24,7.93,-5.25,-11.90
2025-02-07,00:23:33,0.00,-0.95,-0.17,23.62,-15.93,-9.09
2025-02-07,00:23:33,-0.04,-1.03,-0.23,6.84,6.41,-9.28
2025-02-07,00:23:34,-0.04,-1.03,-0.20,1.40,8.30,2.81
2025-02-07,00:23:34,-0.09,-0.99,-0.16,5.49,7.81,2.81
2025-02-07,00:23:35,-0.33,-1.21,-0.25,113.34,6.47,178.28
2025-02-07,00:23:35,-0.20,0.29,0.96,-66.16,-14.59,34.06
2025-02-07,00:23:36,0.26,-0.06,0.95,-59.88,3.60,7.93
2025-02-07,00:23:36,0.24,-0.31,0.89,14.89,-0.12,-21.24
2025-02-07,00:23:37,0.17,0.60,0.82,36.13,0.06,-16.97
2025-02-07,00:23:37,-0.45,0.68,0.63,21.55,3.78,-5.74
2025-02-07,00:23:38,-0.25,0.62,0.74,-0.31,9.64,6.53
2025-02-07,00:23:38,-0.24,0.66,0.73,4.88,-7.69,-3.60
2025-02-07,00:23:39,-0.22,0.72,0.72,3.85,2.32,0.61
2025-02-07,00:23:39,-0.28,0.73,0.71,9.09,-3.36,-1.77
2025-02-07,00:23:40,0.33,1.03,0.59,-94.85,-12.57,101.44
2025-02-07,00:23:40,0.16,0.28,0.97,-44.62,-14.22,26.86
2025-02-07,00:23:41,0.13,0.18,1.01,8.61,2.26,-8.00
2025-02-07,00:23:41,0.12,0.01,1.00,3.48,0.00,-0.49
2025-02-07,00:23:42,0.13,0.10,1.02,-5.37,-1.04,1.22
2025-02-07,00:23:42,0.12,0.10,1.02,-3.72,-0.55,4.27
2025-02-07,00:23:43,0.12,0.08,1.02,-2.69,-1.89,0.67
2025-02-07,00:23:43,0.12,0.09,1.02,-5.43,-0.49,2.81
2025-02-07,00:23:44,0.13,0.07,1.01,-4.09,-2.56,5.49
2025-02-07,00:23:44,0.14,0.05,1.01,3.72,-0.85,-0.98
2025-02-07,00:23:45,0.15,0.12,1.01,15.20,3.36,-3.85
2025-02-07,00:23:45,0.08,-0.06,1.14,-52.67,80.51,88.20
2025-02-07,00:23:46,-0.37,0.00,0.95,42.91,3.97,17.88
2025-02-07,00:23:46,-0.39,0.12,0.90,24.54,3.30,-23.25
2025-02-07,00:23:47,-0.33,0.11,0.93,-0.37,-5.62,2.20
2025-02-07,00:23:47,-0.34,0.09,0.91,4.33,-9.58,4.94
2025-02-07,00:23:48,-0.29,0.11,0.96,2.93,-2.14,-1.46
2025-02-07,00:23:48,-0.35,0.08,0.98,-1.16,2.20,6.96
2025-02-07,00:23:49,0.09,0.07,0.62,121.40,-7.69,-216.25
2025-02-07,00:23:49,-0.06,0.21,1.07,-70.07,-31.56,66.96
2025-02-07,00:23:50,0.01,-0.20,0.97,-0.43,-5.86,-10.31
2025-02-07,00:23:50,0.02,-0.19,0.98,9.95,3.72,-6.29
2025-02-07,00:23:51,0.02,-0.21,0.98,12.94,3.85,-10.07
2025-02-07,00:23:51,0.10,0.02,1.02,14.10,-37.60,71.53
2025-02-07,00:23:52,-0.12,0.37,0.82,31.19,18.25,-54.08
2025-02-07,00:23:52,-0.28,0.21,0.89,-1.65,-12.27,1.34
2025-02-07,00:23:53,-0.19,0.25,1.01,-2.08,-2.38,-1.46
2025-02-07,00:23:53,-0.19,0.21,0.96,2.26,-4.46,-0.92
2025-02-07,00:23:54,-0.15,0.21,0.94,0.61,5.98,-2.75
2025-02-07,00:23:54,-0.23,0.23,0.97,-0.61,-2.69,-4.64
2025-02-07,00:23:55,-0.01,0.19,0.95,15.69,50.72,-34.06
2025-02-07,00:23:55,0.06,0.29,1.25,-39.67,-24.05,29.85
2025-02-07,00:23:56,0.00,0.19,1.05,3.05,1.71,1.22
2025-02-07,00:23:56,-0.02,0.14,0.98,-4.46,-4.09,2.75
2025-02-07,00:23:57,0.01,0.14,1.04,-6.41,-2.81,5.19
2025-02-07,00:23:57,0.02,0.10,1.04,-8.61,-5.37,6.23
2025-02-07,00:23:58,0.30,0.01,1.01,6.41,-5.92,54.38
2025-02-07,00:23:58,-0.18,0.24,0.90,-3.30,22.16,-33.87
2025-02-07,00:23:59,-0.14,0.24,0.96,9.09,-0.12,-10.31
2025-02-07,00:23:59,-0.11,0.23,0.98,-14.16,-5.19,11.60
2025-02-07,00:24:00,-0.08,0.24,1.02,-3.60,-1.10,1.65
2025-02-07,00:24:00,0.08,0.21,0.98,-0.12,-23.38,-1.89
2025-02-07,00:24:01,0.08,0.05,1.17,14.83,64.70,65.00
2025-02-07,00:24:01,0.23,0.16,0.92,-15.87,-7.51,18.92
2025-02-07,00:24:02,0.12,0.15,1.19,20.08,13.73,-17.27
2025-02-07,00:24:02,0.03,0.09,0.97,-21.73,9.16,11.23
2025-02-07,00:24:03,0.03,0.07,0.99,-2.56,-1.83,-1.16
2025-02-07,00:24:03,0.17,0.20,1.10,2.69,17.03,2.87
2025-02-07,00:24:04,-0.28,0.04,0.87,-12.82,36.50,15.50
2025-02-07,00:24:04,-0.43,0.16,1.02,3.54,-10.01,1.34
2025-02-07,00:24:05,-0.39,0.10,0.95,7.20,3.05,-8.48
2025-02-07,00:24:05,-0.42,0.12,0.91,-0.12,-2.75,-1.89
2025-02-07,00:24:06,-0.43,0.11,0.90,-0.55,1.22,0.31
2025-02-07,00:24:06,-0.43,0.07,0.91,0.79,0.00,-0.49
2025-02-07,00:24:07,-0.43,0.11,0.90,0.55,2.87,-1.22
2025-02-07,00:24:07,-0.44,0.06,0.90,0.98,-0.79,-0.73
2025-02-07,00:24:08,-0.44,0.07,0.92,-2.14,0.98,0.55
2025-02-07,00:24:08,-0.55,0.08,0.87,22.64,-7.14,-33.39
2025-02-07,00:24:09,-0.91,-0.11,0.33,-13.06,15.38,54.02
2025-02-07,00:24:10,-0.93,-0.15,0.44,-12.51,7.20,3.54
2025-02-07,00:24:10,-0.99,-0.11,0.16,0.92,8.30,1.59
2025-02-07,00:24:11,-0.97,-0.16,0.17,-1.10,-2.14,-1.28
2025-02-07,00:24:11,-0.97,-0.18,0.24,7.08,-7.20,-0.67
2025-02-07,00:24:12,-0.89,-0.08,0.31,22.22,-12.76,-13.37
2025-02-07,00:24:12,0.81,0.15,0.80,-95.03,-199.34,66.96
2025-02-07,00:24:13,1.01,-0.06,0.33,-16.48,-28.14,23.80
2025-02-07,00:24:13,0.99,0.01,0.19,22.52,-4.46,-8.79
2025-02-07,00:24:14,0.98,-0.05,0.23,7.02,1.46,0.55
2025-02-07,00:24:14,0.97,-0.08,0.24,6.65,30.52,-15.20
2025-02-07,00:24:15,0.96,-0.06,0.28,-5.25,0.79,-1.89
2025-02-07,00:24:15,0.96,-0.01,0.31,-4.64,-2.62,-2.38
2025-02-07,00:24:16,0.92,-0.07,0.42,-0.31,14.71,-0.61
2025-02-07,00:24:16,0.96,-0.05,0.38,10.62,-5.31,-3.78
2025-02-07,00:24:17,0.91,-0.10,0.39,13.24,34.48,38.76
2025-02-07,00:24:17,0.56,1.18,0.40,258.79,36.50,84.17
2025-02-07,00:24:18,0.10,1.08,0.03,-53.34,98.45,73.85
2025-02-07,00:24:18,0.16,0.78,0.48,4.33,20.02,44.49
2025-02-07,00:24:19,0.19,1.05,0.22,23.80,34.18,-37.41
2025-02-07,00:24:19,-0.59,0.09,-0.06,80.57,58.29,-165.16
2025-02-07,00:24:20,0.24,-0.54,1.03,146.36,-128.91,-61.58
2025-02-07,00:24:20,0.31,-0.54,0.75,66.77,-89.54,123.78
2025-02-07,00:24:21,-0.14,0.38,0.59,26.25,37.11,96.86
2025-02-07,00:24:21,-0.66,0.73,0.21,22.64,90.33,-27.28
2025-02-07,00:24:22,-0.65,0.03,-0.60,90.94,33.51,-39.06
2025-02-07,00:24:22,-0.66,-0.19,-0.73,66.89,-53.47,-74.16
2025-02-07,00:24:23,-0.69,-0.74,0.01,45.17,-138.98,-11.66
2025-02-07,00:24:23,-0.52,-0.17,0.97,-1.53,-90.03,68.79
2025-02-07,00:24:24,-0.29,0.43,0.90,22.71,7.39,74.40
2025-02-07,00:24:24,-0.40,0.49,0.83,-13.00,4.33,3.36
2025-02-07,00:24:25,-0.89,0.32,0.41,50.05,71.29,-26.61
2025-02-07,00:24:25,-0.88,-0.34,0.12,80.08,-14.95,-5.74
2025-02-07,00:24:26,-0.98,-0.23,0.02,40.89,20.87,-4.15
2025-02-07,00:24:26,-0.98,-0.24,-0.03,7.51,2.32,-1.65
2025-02-07,00:24:27,-0.99,-0.18,-0.06,-0.12,0.79,3.97
2025-02-07,00:24:27,-0.98,-0.20,-0.08,-4.15,0.12,-1.53
2025-02-07,00:24:28,-0.99,-0.13,-0.11,-6.47,3.85,-2.20
2025-02-07,00:24:28,-0.99,-0.15,-0.05,-0.18,2.93,0.24
2025-02-07,00:24:29,-1.01,-0.12,-0.08,4.09,4.64,0.79
2025-02-07,00:24:29,-1.00,-0.06,-0.10,-6.47,18.01,13.79
2025-02-07,00:24:30,-0.26,0.49,0.13,-191.77,-187.62,188.05
2025-02-07,00:24:30,0.80,0.20,0.69,-76.66,-157.35,-30.21
2025-02-07,00:24:31,0.82,0.37,-0.17,-2.44,-26.18,-15.50
2025-02-07,00:24:31,0.95,0.28,-0.12,-7.51,-1.71,3.72
2025-02-07,00:24:32,0.93,0.26,0.04,19.23,12.76,1.89
2025-02-07,00:24:32,0.94,0.32,0.00,5.19,3.85,-2.99
2025-02-07,00:24:33,0.94,0.33,0.02,1.04,-0.31,0.79
2025-02-07,00:24:33,0.94,0.32,0.05,-2.99,-2.69,0.24
2025-02-07,00:24:34,0.94,0.34,0.05,-1.34,-1.95,-0.12
2025-02-07,00:24:34,0.94,0.32,0.05,-2.62,0.24,-0.31
2025-02-07,00:24:35,0.94,0.31,0.06,-0.61,-0.43,1.04
2025-02-07,00:24:35,0.94,0.33,0.08,-0.92,0.06,0.49
2025-02-07,00:24:36,0.93,0.35,0.06,0.49,1.89,-2.87
2025-02-07,00:24:36,0.93,0.34,0.08,0.49,1.40,1.10
2025-02-07,00:24:37,0.97,0.26,0.23,10.19,21.48,1.22
2025-02-07,00:24:37,0.50,0.03,-0.16,-57.92,-71.59,22.83
2025-02-07,00:24:38,0.60,-0.18,-0.48,100.65,-183.78,103.52
2025-02-07,00:24:38,0.98,0.05,-0.40,-17.94,-69.76,-20.26
2025-02-07,00:24:39,0.55,0.63,-1.65,-27.28,146.91,28.99
2025-02-07,00:24:39,0.95,0.75,-0.05,-81.91,238.65,-1.16
2025-02-07,00:24:40,-0.76,-0.10,-0.12,67.93,194.52,-36.19
2025-02-07,00:24:40,-0.94,-0.22,-0.31,38.15,21.97,-35.03
2025-02-07,00:24:41,-0.93,-0.20,-0.34,9.46,2.93,-1.59
2025-02-07,00:24:41,-0.95,-0.19,-0.29,-0.85,-5.07,-0.55
2025-02-07,00:24:42,-0.95,-0.19,-0.29,0.06,0.37,1.10
2025-02-07,00:24:42,-0.94,-0.19,-0.25,-1.28,-2.56,0.12
2025-02-07,00:24:43,-0.95,-0.21,-0.20,0.06,0.49,-0.67
2025-02-07,00:24:43,-0.98,-0.13,-0.18,-6.77,-15.93,14.65
2025-02-07,00:24:44,-1.01,-0.08,-0.17,0.00,1.46,-2.50
2025-02-07,00:24:44,-0.99,-0.07,-0.19,-8.42,-0.73,1.71
2025-02-07,00:24:45,-1.00,-0.07,-0.12,1.10,-1.53,-0.49
2025-02-07,00:24:45,-1.00,-0.09,-0.22,-4.64,4.03,1.16
2025-02-07,00:24:46,-0.99,-0.09,-0.17,-5.19,2.62,-1.10
2025-02-07,00:24:46,-1.00,-0.08,-0.20,-3.23,-0.73,0.18
2025-02-07,00:24:47,-1.01,-0.08,-0.14,-2.44,2.75,0.06
2025-02-07,00:24:47,-1.00,-0.07,-0.22,-4.58,-1.95,-0.24
2025-02-07,00:24:48,-0.64,-0.27,0.61,-19.71,-113.83,-70.56
2025-02-07,00:24:48,0.10,-0.87,0.77,-27.28,-29.11,-86.91
2025-02-07,00:24:49,-0.06,-0.80,0.57,-6.16,-1.16,-2.75
2025-02-07,00:24:49,0.00,-0.92,0.53,-3.54,-6.16,-0.92
2025-02-07,00:24:50,-0.02,-0.90,0.57,-10.86,-4.39,1.46
2025-02-07,00:24:50,-0.04,-0.88,0.53,-5.98,-2.75,2.08
2025-02-07,00:24:51,-0.03,-0.89,0.51,-1.40,-3.66,2.93
2025-02-07,00:24:51,-0.03,-0.89,0.49,1.16,0.24,-1.28
2025-02-07,00:24:52,-0.03,-0.87,0.49,-3.42,-2.32,-1.28
2025-02-07,00:24:52,-0.03,-0.90,0.51,3.66,0.92,0.24
2025-02-07,00:24:53,-0.07,-0.91,0.49,1.04,4.64,4.82
2025-02-07,00:24:53,-0.06,-0.91,0.47,3.60,2.44,4.21
2025-02-07,00:24:54,-0.10,-0.92,0.48,-2.20,-4.27,-2.20
2025-02-07,00:24:54,-0.10,-0.92,0.46,-2.32,-1.16,2.50
2025-02-07,00:24:55,-0.10,-0.91,0.46,0.73,-0.49,-1.10
2025-02-07,00:24:55,-0.12,-0.92,0.46,-0.85,-1.34,0.98
2025-02-07,00:24:56,-0.12,-0.92,0.44,1.34,-0.61,0.73
2025-02-07,00:24:56,-0.13,-0.93,0.44,-1.16,0.61,2.87
2025-02-07,00:24:57,-0.16,-1.50,0.88,23.93,60.06,142.94
2025-02-07,00:24:57,-0.07,0.89,0.49,-63.48,-32.10,170.90
2025-02-07,00:24:58,0.00,0.91,1.59,54.08,38.82,-12.88
2025-02-07,00:24:58,-0.06,0.62,0.87,-13.43,0.67,26.37
2025-02-07,00:24:59,0.12,0.33,1.06,-40.34,4.21,16.91
2025-02-07,00:24:59,0.04,0.22,0.98,-5.13,0.12,6.16
2025-02-07,00:25:00,0.09,0.29,1.02,-5.49,4.03,-1.53
2025-02-07,00:25:00,0.08,0.23,0.99,-3.17,1.28,2.99
2025-02-07,00:25:01,0.08,0.24,1.02,-3.05,0.37,0.18
2025-02-07,00:25:01,0.07,0.23,0.95,-0.92,1.28,-0.49
2025-02-07,00:25:02,0.06,0.20,0.98,-0.98,-3.97,-0.18
2025-02-07,00:25:02,0.07,0.18,1.01,-0.31,-0.73,1.10
2025-02-07,00:25:03,0.08,0.21,0.99,-4.82,-3.60,1.04
2025-02-07,00:25:03,0.05,0.19,1.01,1.10,-2.93,-3.48
2025-02-07,00:25:04,0.08,0.27,1.02,0.06,9.40,-6.29
2025-02-07,00:25:04,0.05,0.21,0.99,-1.65,-0.92,-1.16
2025-02-07,00:25:05,0.05,0.20,1.01,1.71,-0.98,-2.32
2025-02-07,00:25:05,0.07,0.23,0.99,0.79,1.34,-2.93
2025-02-07,00:25:06,0.06,0.19,1.00,1.28,-1.34,-0.49
2025-02-07,00:25:06,0.05,0.20,1.00,-2.26,2.20,2.50
2025-02-07,00:25:07,0.06,0.20,1.01,1.04,-0.24,-2.93
2025-02-07,00:25:07,0.06,0.19,0.99,1.10,0.55,-2.69
2025-02-07,00:25:08,0.07,0.20,1.00,0.55,0.55,-0.37
2025-02-07,00:25:08,0.07,0.21,1.02,-2.93,-0.79,2.44
2025-02-07,00:25:09,0.07,0.21,0.97,0.92,-3.23,-2.99
2025-02-07,00:25:09,0.09,0.25,1.00,4.09,-3.91,-13.37
2025-02-07,00:25:10,0.04,0.57,0.74,144.71,112.12,-141.24
2025-02-07,00:25:10,-0.77,-0.45,-0.68,218.44,52.98,-13.31
2025-02-07,00:25:11,-0.27,-1.14,-0.33,44.49,-42.36,-13.67
2025-02-07,00:25:11,-0.14,-0.89,0.13,22.22,27.89,-11.72
2025-02-07,00:25:12,-0.23,-0.74,-0.18,153.32,-1.59,-44.07
2025-02-07,00:25:13,-0.20,-0.93,-0.29,-7.63,5.49,-3.97
2025-02-07,00:25:13,-0.35,-0.73,-0.61,-73.79,11.29,48.46
2025-02-07,00:25:14,-0.36,-0.72,-0.60,11.84,-2.38,-0.79
2025-02-07,00:25:14,-0.35,-0.75,-0.56,5.19,-0.98,-1.16
2025-02-07,00:25:15,-0.31,-0.75,-0.56,-6.10,6.59,-1.40
2025-02-07,00:25:15,-0.26,-0.80,-0.56,0.98,9.22,7.20
2025-02-07,00:25:16,-0.28,-0.69,-0.65,0.12,2.69,5.49
2025-02-07,00:25:16,-0.29,-0.72,-0.64,-1.16,-0.43,0.67
2025-02-07,00:25:17,-0.29,-0.73,-0.63,-9.77,1.95,3.78
2025-02-07,00:25:17,-0.30,-0.71,-0.64,-0.31,1.40,0.37
2025-02-07,00:25:18,-0.30,-0.70,-0.66,-1.65,-0.49,1.65
2025-02-07,00:25:18,-0.31,-0.69,-0.66,-1.16,0.18,2.50
2025-02-07,00:25:19,-0.30,-0.65,-0.68,-0.49,0.55,0.12
2025-02-07,00:25:19,-0.31,-0.65,-0.69,0.00,-0.12,0.43
2025-02-07,00:25:20,-0.31,-0.66,-0.69,5.74,-0.43,0.18
2025-02-07,00:25:20,-0.29,-0.66,-0.66,-11.54,3.23,2.75
2025-02-07,00:25:21,-0.31,-0.67,-0.68,1.28,-0.24,0.61
2025-02-07,00:25:21,-0.30,-0.69,-0.66,-0.92,-0.24,-1.71
2025-02-07,00:25:22,-0.31,-0.66,-0.68,-4.82,0.73,0.85
2025-02-07,00:25:22,-0.32,-0.64,-0.69,3.30,0.37,-2.01
2025-02-07,00:25:23,-0.31,-0.61,-0.88,67.38,-18.86,-13.79
2025-02-07,00:25:23,-0.57,0.34,-0.25,-107.60,-300.72,57.37
2025-02-07,00:25:24,0.03,0.46,0.98,12.63,-60.91,37.90
2025-02-07,00:25:24,-0.07,0.02,0.89,-15.75,-46.69,-6.53
2025-02-07,00:25:25,-0.01,0.14,1.11,0.18,3.11,3.30
2025-02-07,00:25:25,-0.01,0.22,0.97,-8.85,-1.59,1.53
2025-02-07,00:25:26,-0.01,0.21,0.97,-1.28,0.31,0.98
2025-02-07,00:25:26,-0.02,0.21,1.00,2.62,0.43,0.00
2025-02-07,00:25:27,0.01,0.19,1.02,-4.27,-3.36,-1.83
2025-02-07,00:25:27,0.02,0.21,1.00,0.85,-0.06,-2.44
2025-02-07,00:25:28,-0.01,0.18,0.98,2.81,-0.24,-2.81
2025-02-07,00:25:28,-0.01,0.20,0.99,-2.99,0.31,0.24
2025-02-07,00:25:29,0.00,0.17,1.01,1.46,-0.55,-0.67
2025-02-07,00:25:29,0.00,0.16,1.00,-0.43,-0.43,0.55
2025-02-07,00:25:30,0.00,0.18,1.01,2.62,0.98,-0.92
2025-02-07,00:25:30,0.00,0.18,1.00,0.73,-1.83,-1.53
2025-02-07,00:25:31,0.01,0.17,1.00,-2.26,-1.16,0.73
2025-02-07,00:25:31,0.00,0.18,1.01,-1.22,-0.85,-0.79
2025-02-07,00:25:32,0.00,0.19,1.00,1.89,0.24,-0.98
2025-02-07,00:25:32,0.01,0.17,1.00,-2.62,-2.26,-0.31
2025-02-07,00:25:33,0.06,0.08,1.01,-38.88,-21.73,4.82
2025-02-07,00:25:33,0.09,0.03,1.01,-3.05,-2.62,0.12
2025-02-07,00:25:34,0.10,0.04,1.03,-0.06,-1.53,-0.55
2025-02-07,00:25:34,0.10,0.03,1.02,0.85,0.73,0.61
2025-02-07,00:25:35,0.09,0.05,1.01,1.40,-0.06,-0.61
2025-02-07,00:25:35,0.08,0.09,0.99,-4.64,-1.83,-0.06
2025-02-07,00:25:36,0.08,0.07,1.04,2.56,0.73,-0.43
2025-02-07,00:25:36,0.08,0.07,1.01,0.67,-1.22,-0.24
2025-02-07,00:25:37,0.07,0.09,0.99,-0.79,0.31,0.73
2025-02-07,00:25:37,0.08,0.09,1.00,0.43,-1.46,0.18
2025-02-07,00:25:38,0.08,0.09,1.02,1.22,1.34,0.00
2025-02-07,00:25:38,0.07,0.10,1.01,-0.24,-0.37,0.55
2025-02-07,00:25:39,0.07,0.08,1.02,-2.01,-2.38,-0.98
2025-02-07,00:25:39,0.07,0.10,1.02,-0.79,-0.12,-0.43
2025-02-07,00:25:40,0.06,0.09,1.00,-3.54,-2.32,-1.65
2025-02-07,00:25:40,0.06,0.08,1.00,1.10,0.67,0.00
2025-02-07,00:25:41,0.06,0.06,1.02,6.47,1.46,-2.44
2025-02-07,00:25:41,0.06,0.09,0.99,-0.85,2.69,2.75
2025-02-07,00:25:42,0.06,0.07,1.00,-0.31,1.59,1.04
2025-02-07,00:25:42,0.06,0.06,1.01,-3.17,-1.53,1.04
2025-02-07,00:25:43,0.06,0.04,1.01,-1.10,-2.75,1.46
2025-02-07,00:25:43,0.06,0.02,1.02,3.54,-2.50,-0.79
2025-02-07,00:25:44,-0.08,0.18,1.05,29.48,71.59,11.05
2025-02-07,00:25:44,-0.75,-0.18,-0.01,45.29,183.96,-32.53
2025-02-07,00:25:45,-0.63,-0.36,-0.86,23.13,114.07,-100.22
2025-02-07,00:25:45,-0.27,-0.86,0.45,14.65,8.00,9.83
2025-02-07,00:25:46,-0.31,-0.96,0.04,-12.82,6.84,-10.01
2025-02-07,00:25:46,-0.34,-0.97,0.03,-4.64,4.94,-1.22
2025-02-07,00:25:47,-0.32,-0.97,0.04,-0.37,0.00,-1.16
2025-02-07,00:25:47,-0.34,-0.98,0.00,-4.76,4.09,1.95
2025-02-07,00:25:48,-0.36,-0.96,-0.04,-0.31,1.71,0.31
2025-02-07,00:25:48,-0.36,-0.94,-0.03,2.14,3.42,-1.83
2025-02-07,00:25:49,-0.38,-0.97,-0.10,-10.19,5.19,2.75
2025-02-07,00:25:49,-0.39,-0.92,-0.13,-4.82,-0.73,3.05
2025-02-07,00:25:50,-0.42,-0.90,-0.20,-7.93,2.01,3.17
2025-02-07,00:25:50,-0.43,-0.92,-0.19,-26.00,-6.47,1.34
2025-02-07,00:25:51,-0.41,-0.92,-0.15,3.97,-1.04,-0.92
2025-02-07,00:25:51,-0.49,-0.87,-0.22,6.47,-2.14,10.01
2025-02-07,00:25:52,-0.55,-0.79,-0.34,-0.24,3.23,0.12
2025-02-07,00:25:52,-0.58,-0.75,-0.33,-0.55,-0.24,1.40
2025-02-07,00:25:53,-0.59,-0.74,-0.35,17.76,1.71,10.50
2025-02-07,00:25:53,-0.60,-0.67,-0.37,-17.46,-0.61,6.29
2025-02-07,00:25:54,-0.61,-0.71,-0.39,-0.98,-1.59,1.10
2025-02-07,00:25:54,-0.62,-0.71,-0.40,-3.66,-1.95,1.10
2025-02-07,00:25:55,-0.67,-0.74,-0.39,-13.73,-9.34,33.69
2025-02-07,00:25:55,-0.59,0.23,0.52,-141.97,-186.46,-12.08
2025-02-07,00:25:56,0.21,-0.72,1.08,-30.15,-21.67,-92.29
2025-02-07,00:25:56,0.04,-0.68,0.74,5.62,11.41,-11.66
2025-02-07,00:25:57,0.04,-0.63,0.84,1.59,1.28,1.95
2025-02-07,00:25:57,0.05,-0.65,0.81,-0.73,-3.66,0.98
2025-02-07,00:25:58,0.05,-0.63,0.79,-4.09,-1.10,0.85
2025-02-07,00:25:58,0.04,-0.64,0.82,2.99,-0.24,-0.12
2025-02-07,00:25:59,0.03,-0.63,0.80,3.97,0.92,0.73
2025-02-07,00:25:59,0.03,-0.63,0.80,0.98,-0.37,1.04
2025-02-07,00:26:00,0.04,-0.66,0.83,5.25,1.83,-1.16
2025-02-07,00:26:00,0.03,-0.64,0.79,-0.43,0.67,-0.12
2025-02-07,00:26:01,0.03,-0.63,0.79,-0.61,-0.98,-0.92
2025-02-07,00:26:01,0.03,-0.64,0.79,-4.21,-2.32,0.31
2025-02-07,00:26:02,0.03,-0.64,0.82,0.18,-2.87,-1.46
2025-02-07,00:26:02,0.03,-0.64,0.81,0.24,-1.53,-0.06
2025-02-07,00:26:03,0.02,-0.64,0.80,1.22,-1.83,0.24
2025-02-07,00:26:03,0.02,-0.64,0.83,0.98,-1.83,-1.59
2025-02-07,00:26:04,0.02,-0.64,0.81,-0.31,-0.61,-0.31
2025-02-07,00:26:04,0.02,-0.64,0.82,-2.38,-1.59,0.12
2025-02-07,00:26:05,0.02,-0.63,0.80,3.23,-0.12,-0.61
2025-02-07,00:26:05,-0.01,-0.65,0.82,3.85,3.48,6.29
2025-02-07,00:26:06,-0.03,-0.65,0.82,3.30,0.18,0.18
2025-02-07,00:26:06,-0.26,-0.60,0.75,-25.70,126.53,165.47
2025-02-07,00:26:07,-0.35,0.76,0.67,-108.52,-43.09,104.13
2025-02-07,00:26:07,-0.29,0.32,1.01,-30.52,-13.49,24.29
2025-02-07,00:26:08,-0.27,0.05,0.96,-30.15,-10.68,6.77
2025-02-07,00:26:08,-0.24,0.09,0.96,-6.53,13.31,-5.37
2025-02-07,00:26:09,-0.25,0.03,1.01,-0.92,-1.28,-2.56
2025-02-07,00:26:09,-0.27,0.05,0.99,-2.99,-0.61,1.46
2025-02-07,00:26:10,-0.27,0.06,0.98,0.24,0.06,-2.93
2025-02-07,00:26:10,-0.29,0.04,0.96,0.43,0.31,-1.34
2025-02-07,00:26:11,-0.29,0.04,0.97,-1.40,-0.18,0.24
2025-02-07,00:26:11,-0.28,0.03,0.97,0.18,-2.14,-1.53
2025-02-07,00:26:12,-0.28,0.02,0.97,0.49,-0.79,-0.24
2025-02-07,00:26:11,-0.28,0.03,0.97,0.18,-2.14,-1.53
2025-02-07,00:26:12,-0.28,0.02,0.97,0.49,-0.79,-0.24
2025-02-07,00:26:12,-0.27,0.03,0.97,1.46,0.79,-0.98
2025-02-07,00:26:13,-0.27,0.02,1.00,-1.89,-2.14,0.43
2025-02-07,00:26:13,-0.25,0.00,0.96,-1.10,-1.65,-0.31
2025-02-07,00:26:14,-0.25,0.02,0.99,-3.05,-2.44,1.95
2025-02-07,00:26:14,-0.25,0.00,0.98,-0.67,0.55,0.49
2025-02-07,00:26:15,-0.25,0.01,1.01,-0.79,0.85,-0.61
2025-02-07,00:26:16,-0.25,0.01,0.99,1.04,-2.38,-0.73
2025-02-07,00:26:16,-0.25,-0.01,1.00,-0.18,-1.28,0.79
2025-02-07,00:26:17,-0.25,0.00,0.97,-1.40,1.89,-15.63
2025-02-07,00:26:17,-0.25,0.00,0.98,1.46,-2.14,-2.08
2025-02-07,00:26:18,-0.10,0.31,1.50,33.51,58.59,-30.64
2025-02-07,00:26:18,-0.03,-0.64,0.09,106.14,138.49,-345.64
2025-02-07,00:26:19,0.14,-1.09,0.05,-3.42,35.95,-37.05
2025-02-07,00:26:19,0.17,-0.96,0.24,-0.55,8.73,-7.26
2025-02-07,00:26:20,0.15,-1.00,0.23,3.72,2.44,-4.88
2025-02-07,00:26:20,0.14,-1.01,0.26,-1.34,-1.34,2.32
2025-02-07,00:26:21,0.13,-0.99,0.23,1.16,1.10,2.50
2025-02-07,00:26:21,0.13,-0.97,0.21,-2.14,-0.61,3.11
2025-02-07,00:26:22,0.11,-0.99,0.24,0.85,0.00,0.43
2025-02-07,00:26:22,0.11,-1.00,0.25,0.06,-1.59,-1.89
2025-02-07,00:26:23,0.11,-0.99,0.24,2.32,-1.22,0.43
2025-02-07,00:26:23,0.11,-1.00,0.26,3.30,0.18,-1.40
2025-02-07,00:26:24,0.10,-1.00,0.24,0.18,0.06,-0.55
2025-02-07,00:26:24,0.09,-1.00,0.25,-0.43,0.00,-0.31
2025-02-07,00:26:25,0.10,-0.99,0.25,0.85,-1.16,-2.50
2025-02-07,00:26:25,0.10,-0.99,0.26,-0.79,-0.61,-1.28
2025-02-07,00:26:26,0.10,-0.99,0.24,-0.31,-0.31,1.22
2025-02-07,00:26:26,0.08,-1.02,0.24,2.44,0.24,0.12
2025-02-07,00:26:27,0.09,-1.02,0.25,2.26,-1.40,-3.23
2025-02-07,00:26:27,0.06,-0.99,0.21,10.31,3.54,-6.23
2025-02-07,00:26:28,0.38,-0.91,0.15,-13.43,-4.33,28.26
2025-02-07,00:26:28,0.06,-0.17,1.03,146.79,26.12,-26.73
2025-02-07,00:26:29,-0.76,0.27,0.53,27.40,29.05,2.26
2025-02-07,00:26:29,-0.73,0.31,0.67,10.68,-14.53,39.49
2025-02-07,00:26:30,-0.56,0.39,0.80,-3.23,-89.90,31.43
2025-02-07,00:26:30,-0.11,0.36,0.78,19.78,-89.36,-7.75
2025-02-07,00:26:31,-0.07,0.36,0.91,-1.53,-0.18,7.75
2025-02-07,00:26:31,0.04,0.42,1.06,5.43,6.23,-24.17
2025-02-07,00:26:32,-0.03,0.37,0.96,-2.26,0.55,5.62
2025-02-07,00:26:32,-0.06,0.35,0.96,-3.54,6.04,4.64
2025-02-07,00:26:33,-0.10,0.33,0.89,-2.26,-3.72,4.09
2025-02-07,00:26:33,-0.11,0.33,0.90,-4.03,3.60,3.11
2025-02-07,00:26:34,-0.12,0.35,0.94,1.46,4.76,-3.78
2025-02-07,00:26:34,-0.46,0.46,0.76,-3.91,-53.59,-11.23
2025-02-07,00:26:35,0.32,0.00,1.19,-30.70,-30.76,-50.23
2025-02-07,00:26:35,0.14,-0.31,1.04,-66.59,-39.98,36.80
2025-02-07,00:26:36,0.02,-0.29,0.97,6.84,4.82,-7.63
2025-02-07,00:26:36,0.02,-0.29,0.99,-10.25,-2.81,-4.70
2025-02-07,00:26:37,0.04,-0.31,0.97,5.25,4.58,0.37
2025-02-07,00:26:37,0.04,-0.33,0.96,2.01,2.14,-0.55
2025-02-07,00:26:38,0.04,-0.30,0.94,-14.65,-1.89,-5.19
2025-02-07,00:26:38,0.05,-0.31,1.00,-1.83,-3.11,-2.26
2025-02-07,00:26:39,0.06,-0.32,0.98,-2.50,-2.20,-0.37
2025-02-07,00:26:39,0.06,-0.34,0.96,1.28,2.32,-0.85
2025-02-07,00:26:40,0.07,-0.33,0.99,-2.62,-2.14,-0.06
2025-02-07,00:26:40,0.07,-0.32,0.99,-1.83,-1.34,0.55
2025-02-07,00:26:41,0.08,-0.34,0.95,0.00,-2.44,-1.04
2025-02-07,00:26:41,0.24,-0.37,1.11,-12.76,12.70,3.97
2025-02-07,00:26:42,-0.23,-0.21,0.76,29.36,106.69,64.82
2025-02-07,00:26:42,-0.57,-0.01,0.99,-2.14,12.82,6.35
2025-02-07,00:26:43,-0.67,0.04,0.75,5.98,-2.44,-3.30
2025-02-07,00:26:43,-0.51,0.42,0.83,25.51,-55.11,1.71
2025-02-07,00:26:44,-0.39,0.45,0.70,-39.06,-8.67,15.01
2025-02-07,00:26:44,-0.66,0.43,0.47,16.48,-51.21,-18.43
2025-02-07,00:26:45,-0.71,0.47,0.56,-9.09,-3.85,10.74
2025-02-07,00:26:45,-0.66,0.49,0.64,1.22,-8.54,5.74
2025-02-07,00:26:46,-0.38,0.29,0.46,18.49,-82.70,-0.85
2025-02-07,00:26:46,0.23,0.15,0.96,9.89,43.21,1.04
2025-02-07,00:26:47,0.09,0.17,1.03,-1.77,-10.25,-9.89
2025-02-07,00:26:47,0.12,0.09,0.94,0.79,-3.91,-1.71
2025-02-07,00:26:48,0.11,0.09,1.01,0.61,2.26,-0.49
2025-02-07,00:26:48,0.10,0.13,1.01,-1.34,-2.08,-0.55
2025-02-07,00:26:49,0.11,0.10,1.03,0.73,0.00,-2.26
2025-02-07,00:26:49,0.02,0.08,0.99,-10.99,18.68,-8.36
2025-02-07,00:26:50,-0.38,0.02,0.77,42.54,9.16,4.39
2025-02-07,00:26:50,-0.57,0.06,0.83,5.19,-6.10,-3.36
2025-02-07,00:26:51,-0.54,0.04,0.87,-7.57,0.24,-1.77
2025-02-07,00:26:51,-0.53,0.08,0.87,-4.76,-2.69,1.71
2025-02-07,00:26:52,-0.52,0.10,0.84,1.59,-4.64,1.71
2025-02-07,00:26:52,-0.33,0.22,0.93,16.85,-45.59,9.89
2025-02-07,00:26:53,0.13,0.43,0.97,-11.35,-20.57,12.15
2025-02-07,00:26:53,0.16,0.38,0.95,0.24,3.05,-3.48
2025-02-07,00:26:54,0.15,0.39,0.92,-0.67,-1.46,1.22
2025-02-07,00:26:54,0.15,0.37,0.96,-0.37,-0.98,0.85
2025-02-07,00:26:55,0.13,0.40,0.94,0.00,-0.55,-1.04
2025-02-07,00:26:55,0.13,0.36,0.92,-1.46,0.00,1.40
2025-02-07,00:26:56,0.12,0.36,0.92,-0.55,0.55,0.31
2025-02-07,00:26:56,0.11,0.36,0.91,-1.40,1.04,0.67
2025-02-07,00:26:57,0.10,0.39,0.94,1.77,2.50,-2.50
2025-02-07,00:26:57,0.10,0.38,0.93,-3.05,-3.05,1.04
2025-02-07,00:26:58,0.10,0.36,0.93,-1.71,0.98,0.85
2025-02-07,00:26:58,0.10,0.35,0.94,1.46,1.22,3.72
2025-02-07,00:26:59,0.35,0.71,0.46,100.04,76.84,191.65
2025-02-07,00:26:59,0.22,1.18,-0.19,1.89,20.14,62.56
2025-02-07,00:27:00,0.22,0.91,-0.30,23.56,-4.58,-5.49
2025-02-07,00:27:00,0.23,0.89,-0.39,4.39,1.22,2.75
2025-02-07,00:27:01,0.23,0.86,-0.40,8.79,-4.33,0.55
2025-02-07,00:27:01,0.22,0.84,-0.46,2.08,0.49,0.49
2025-02-07,00:27:02,0.20,0.84,-0.51,-1.95,-0.61,1.89
2025-02-07,00:27:02,0.20,0.79,-0.53,2.93,-2.69,-0.73
2025-02-07,00:27:03,0.22,0.80,-0.52,-4.33,0.49,0.12
2025-02-07,00:27:03,0.23,0.81,-0.51,-4.15,2.26,1.89
2025-02-07,00:27:04,0.13,0.66,-0.94,5.68,-116.52,40.41
2025-02-07,00:27:04,-0.27,0.96,-0.24,-128.66,-47.00,166.32
2025-02-07,00:27:05,0.11,0.80,0.67,-116.58,-7.75,10.01
2025-02-07,00:27:05,0.10,0.46,1.03,-16.36,-22.16,11.35
2025-02-07,00:27:06,0.14,0.32,0.96,12.82,3.11,-1.34
2025-02-07,00:27:06,0.13,0.39,0.96,0.12,0.06,2.26
2025-02-07,00:27:07,0.12,0.36,0.94,-0.06,-0.55,0.55
2025-02-07,00:27:07,0.12,0.39,0.95,9.95,-1.10,-0.85
2025-02-07,00:27:08,0.13,0.38,0.93,0.43,0.49,0.61
2025-02-07,00:27:08,0.13,0.38,0.94,2.81,0.61,-1.65
2025-02-07,00:27:09,0.39,0.28,1.00,-6.47,5.80,21.73
2025-02-07,00:27:09,-0.18,0.63,0.32,34.85,74.65,99.24
2025-02-07,00:27:10,-0.21,0.89,0.10,45.53,0.73,-47.49
2025-02-07,00:27:10,-0.31,1.00,0.05,70.19,18.25,-5.92
2025-02-07,00:27:11,-0.26,0.93,0.01,3.78,2.87,-0.92
2025-02-07,00:27:11,-0.24,0.98,-0.01,2.99,-1.95,0.55
2025-02-07,00:27:12,-0.23,0.96,0.00,-0.24,2.14,2.14
2025-02-07,00:27:12,-0.21,0.95,-0.05,-0.06,0.06,1.46
2025-02-07,00:27:13,-0.31,1.05,-0.65,-27.89,-36.93,8.12
2025-02-07,00:27:13,0.06,0.97,0.22,7.26,-73.49,39.92
2025-02-07,00:27:14,-0.11,1.12,0.22,0.73,-12.33,4.88
2025-02-07,00:27:14,-0.10,1.00,0.17,-2.44,-0.06,1.77
2025-02-07,00:27:15,-0.09,0.98,0.19,0.92,-1.22,-0.18
2025-02-07,00:27:15,-0.08,0.97,0.18,-3.05,0.73,2.38
2025-02-07,00:27:16,-0.08,0.98,0.18,1.71,-0.06,-0.49
2025-02-07,00:27:16,-0.08,0.98,0.17,1.34,-1.46,-0.06
2025-02-07,00:27:17,-0.07,0.99,0.18,0.12,-0.61,0.61
2025-02-07,00:27:17,-0.06,0.98,0.19,3.78,-0.43,-2.38
2025-02-07,00:27:18,0.04,1.09,0.41,-12.88,-13.43,-0.24
2025-02-07,00:27:19,0.01,0.92,0.37,4.33,0.31,-1.59
2025-02-07,00:27:19,0.02,0.92,0.37,-1.53,1.04,0.55
2025-02-07,00:27:20,0.01,0.90,0.37,1.83,1.59,-0.55
2025-02-07,00:27:20,0.07,0.96,0.40,-2.69,29.60,-7.08
2025-02-07,00:27:21,-0.25,0.98,0.09,-6.47,15.01,21.36
2025-02-07,00:27:21,-0.03,0.95,0.35,4.09,3.05,10.86
2025-02-07,00:27:22,0.01,0.94,0.36,-6.53,-6.23,3.30
2025-02-07,00:27:22,0.00,0.90,0.46,0.79,5.07,-1.59
2025-02-07,00:27:23,-0.02,0.84,0.49,-3.72,-0.61,-2.08
2025-02-07,00:27:23,-0.01,0.87,0.54,2.81,-6.65,2.50
2025-02-07,00:27:24,0.20,0.73,0.64,-49.99,-24.78,25.70
2025-02-07,00:27:24,0.65,0.63,0.53,-45.47,-73.79,14.65
2025-02-07,00:27:25,0.78,0.36,0.24,-11.78,-11.47,9.64
2025-02-07,00:27:25,0.94,0.31,0.11,-18.13,-128.78,73.36
2025-02-07,00:27:26,0.88,0.03,-0.57,34.61,-153.63,-57.13
2025-02-07,00:27:26,0.31,0.30,-0.33,-145.87,15.44,114.01
2025-02-07,00:27:27,0.61,0.92,-0.03,-146.42,123.54,-19.90
2025-02-07,00:27:27,-0.53,0.71,0.17,-173.77,255.62,84.96
2025-02-07,00:27:28,0.08,1.08,0.24,-80.02,-22.09,75.87
2025-02-07,00:27:28,0.69,0.74,0.17,-51.27,-54.87,71.29
2025-02-07,00:27:29,0.91,0.38,-0.13,52.06,-38.21,-5.80
2025-02-07,00:27:29,0.95,0.19,-0.60,-53.96,-58.23,43.95
2025-02-07,00:27:30,0.73,0.59,0.02,-137.33,41.08,-116.09
2025-02-07,00:27:30,-0.25,0.79,0.70,-214.60,260.19,102.11
2025-02-07,00:27:31,0.01,1.23,0.17,-1.95,-22.52,84.96
2025-02-07,00:27:31,0.18,1.08,0.26,-15.99,1.95,21.36
2025-02-07,00:27:32,0.28,0.96,0.17,-3.91,-6.23,18.98
2025-02-07,00:27:32,0.36,0.92,0.15,-12.39,2.38,13.18
2025-02-07,00:27:33,0.44,0.94,0.14,0.98,-6.71,9.70
2025-02-07,00:27:33,0.46,0.88,0.14,2.01,-6.84,4.46
2025-02-07,00:27:34,0.50,0.88,0.15,3.60,-1.89,3.72
2025-02-07,00:27:34,0.51,0.86,0.14,-1.59,0.37,2.44
2025-02-07,00:27:35,0.51,0.82,0.09,5.00,-2.99,-1.53
2025-02-07,00:27:35,0.52,0.81,0.09,-0.24,-4.33,4.21
2025-02-07,00:27:36,0.54,0.84,0.08,0.43,-1.04,-0.49
2025-02-07,00:27:36,0.53,0.84,0.10,1.83,1.22,-3.48
2025-02-07,00:27:37,0.54,0.79,0.08,0.55,-2.87,0.55
2025-02-07,00:27:37,0.55,0.83,0.09,-1.40,-0.24,1.77
2025-02-07,00:27:38,0.56,0.81,0.08,-1.46,-1.40,3.54
2025-02-07,00:27:38,0.59,0.69,-0.16,5.86,-29.11,38.82
2025-02-07,00:27:39,0.79,0.62,-0.56,-81.05,-59.94,32.71
2025-02-07,00:27:39,0.40,0.80,0.88,-140.56,57.80,-99.91
2025-02-07,00:27:40,-0.33,0.66,0.37,23.50,20.39,83.31
2025-02-07,00:27:40,0.08,0.93,0.29,7.20,-17.21,49.44
2025-02-07,00:27:41,0.27,0.96,0.21,30.76,-40.22,25.51
2025-02-07,00:27:41,0.28,0.91,-0.29,11.60,-7.87,8.73
2025-02-07,00:27:42,0.27,0.83,-0.34,-3.97,-0.06,-5.43
2025-02-07,00:27:42,0.29,0.94,-0.28,-5.98,2.14,-0.55
2025-02-07,00:27:43,0.31,0.94,-0.26,0.92,-1.04,-1.83
2025-02-07,00:27:43,0.27,0.86,-0.33,1.34,-1.04,-2.62
2025-02-07,00:27:44,0.28,0.91,-0.31,-3.54,-0.85,3.42
2025-02-07,00:27:44,0.27,0.87,-0.30,3.42,-0.12,-2.87
2025-02-07,00:27:45,0.28,0.88,-0.32,0.79,1.65,0.00
2025-02-07,00:27:45,0.33,0.81,-0.46,1.95,-21.36,23.44
2025-02-07,00:27:46,0.71,0.92,-0.04,-212.95,30.09,-23.68
2025-02-07,00:27:46,0.01,0.61,0.66,-45.10,63.54,-14.83
2025-02-07,00:27:47,-0.26,0.82,0.19,21.36,64.33,66.71
2025-02-07,00:27:47,-0.04,1.05,0.17,60.79,-5.86,2.81
2025-02-07,00:27:48,-0.03,0.68,-0.72,56.09,-32.04,-2.56
2025-02-07,00:27:48,0.08,0.79,-0.50,-18.68,-10.62,1.83
2025-02-07,00:27:49,0.06,0.83,-0.57,15.26,-2.08,-6.71
2025-02-07,00:27:49,0.07,0.87,-0.41,3.85,0.73,2.69
2025-02-07,00:27:50,0.08,0.84,-0.50,4.15,-1.04,-1.46
2025-02-07,00:27:50,0.07,0.83,-0.52,4.46,-0.18,-0.43
2025-02-07,00:27:51,0.06,0.82,-0.53,3.42,-0.49,-0.67
2025-02-07,00:27:51,0.06,0.81,-0.55,1.59,0.24,-0.67
2025-02-07,00:27:52,0.06,0.81,-0.54,1.89,-0.06,-0.06
2025-02-07,00:27:52,0.06,0.81,-0.55,-0.67,-0.12,-0.85
2025-02-07,00:27:53,0.06,0.80,-0.56,2.38,0.00,-0.73
2025-02-07,00:27:53,0.04,0.40,-0.47,23.80,-19.17,61.71
2025-02-07,00:27:54,0.71,0.95,0.00,-152.34,-9.46,7.02
2025-02-07,00:27:54,-0.08,0.33,0.19,-4.33,113.28,-36.13
2025-02-07,00:27:55,-0.16,0.94,0.13,7.51,36.74,99.00
2025-02-07,00:27:55,0.02,0.91,-0.35,150.94,-71.47,-33.14
2025-02-07,00:27:56,0.06,0.79,-0.80,21.61,-1.59,-12.63
2025-02-07,00:27:56,0.09,0.48,-0.86,6.71,4.94,1.77
2025-02-07,00:27:57,0.06,0.50,-0.84,-2.32,-3.30,1.65
2025-02-07,00:27:57,0.05,0.52,-0.81,-3.17,-4.27,1.89
2025-02-07,00:27:58,0.06,0.53,-0.81,-1.46,-0.73,0.06
2025-02-07,00:27:58,0.04,0.54,-0.82,-0.06,-3.05,-0.49
2025-02-07,00:27:59,0.02,0.51,-0.81,-1.46,0.61,1.40
2025-02-07,00:27:59,0.02,0.52,-0.81,0.43,-1.10,-1.04
2025-02-07,00:28:00,0.02,0.53,-0.83,-1.28,-1.16,1.59
2025-02-07,00:28:00,0.02,0.56,-0.81,-0.18,0.73,-0.55
2025-02-07,00:28:01,0.02,0.54,-0.81,-0.49,-1.16,-1.53
2025-02-07,00:28:01,0.15,0.66,-0.78,-41.38,9.58,-99.98
2025-02-07,00:28:02,-0.11,0.84,-0.71,-16.78,122.44,-109.92
2025-02-07,00:28:02,-0.12,-0.49,-1.26,97.60,18.01,-188.72
2025-02-07,00:28:03,-0.25,-0.41,-0.74,15.32,20.51,21.91
2025-02-07,00:28:03,-0.13,-0.84,-0.38,108.15,-1.89,-7.75
2025-02-07,00:28:04,-0.15,-0.95,0.07,40.71,11.11,-2.32
2025-02-07,00:28:04,-0.16,-0.98,0.20,23.50,-8.79,3.72
2025-02-07,00:28:05,-0.17,-0.92,0.23,-1.28,11.47,-3.30
2025-02-07,00:28:05,-0.10,-0.99,0.34,0.98,-0.79,-4.39
2025-02-07,00:28:06,-0.10,-0.97,0.34,2.81,-0.73,2.50
2025-02-07,00:28:06,-0.09,-0.93,0.38,-0.31,-2.44,0.61
2025-02-07,00:28:07,-0.08,-0.98,0.33,-15.14,-0.61,4.88
2025-02-07,00:28:07,-0.11,-0.96,0.32,-12.15,5.92,11.41
2025-02-07,00:28:08,-0.11,-1.11,0.29,16.97,-25.94,42.72
2025-02-07,00:28:08,0.67,-0.49,0.48,-549.44,-90.27,520.69
2025-02-07,00:28:09,0.64,-0.75,1.13,154.42,-30.58,-128.91
2025-02-07,00:28:09,0.11,-0.18,1.04,-50.66,-36.07,48.89
2025-02-07,00:28:10,0.25,-0.35,1.14,7.08,-7.45,-15.20
2025-02-07,00:28:10,0.31,-0.29,0.92,-2.38,12.45,7.32
2025-02-07,00:28:11,0.21,-0.32,0.94,0.92,6.65,-1.53
2025-02-07,00:28:11,0.22,-0.33,0.96,-0.06,-3.91,2.20
2025-02-07,00:28:12,0.23,-0.32,0.90,7.93,-0.24,-5.92
2025-02-07,00:28:12,0.26,-0.29,1.02,-8.85,-7.08,4.39
2025-02-07,00:28:13,0.19,-0.32,0.92,7.51,6.04,0.61
2025-02-07,00:28:13,0.23,-0.33,0.92,7.69,3.85,-4.76
2025-02-07,00:28:14,0.24,-0.29,0.89,-8.85,-15.81,-2.32
2025-02-07,00:28:14,0.21,-0.32,0.93,-4.88,-4.58,-1.71
2025-02-07,00:28:15,0.22,-0.33,0.93,-3.66,-1.95,2.14
2025-02-07,00:28:15,0.25,-0.33,0.93,4.27,1.34,-1.77
2025-02-07,00:28:16,0.26,-0.33,0.93,5.00,-1.10,-4.52
2025-02-07,00:28:16,0.27,-0.32,0.91,5.98,-3.11,-5.25
2025-02-07,00:28:17,0.32,-0.27,0.96,-1.28,-1.89,0.49
2025-02-07,00:28:17,0.34,-0.29,0.94,1.16,-3.54,-1.40
2025-02-07,00:28:18,0.33,-0.29,0.91,-0.06,-0.43,-0.55
2025-02-07,00:28:18,0.35,-0.28,0.93,20.14,-1.65,-29.48
2025-02-07,00:28:19,-0.01,0.65,0.96,68.48,70.01,226.68
2025-02-07,00:28:19,0.17,1.08,0.35,-27.28,0.67,-30.03
2025-02-07,00:28:20,-0.05,0.99,0.06,-22.64,-15.44,28.20
2025-02-07,00:28:20,-0.02,1.01,0.07,-4.64,-1.83,0.37
2025-02-07,00:28:21,-0.02,0.98,0.05,0.92,-1.22,-2.14
2025-02-07,00:28:22,-0.01,0.99,0.11,-2.08,0.79,3.23
2025-02-07,00:28:22,0.01,1.00,0.10,-5.00,-0.18,2.26
2025-02-07,00:28:23,0.26,0.86,0.26,-208.86,-56.40,-48.89
2025-02-07,00:28:23,0.51,-0.43,1.53,0.85,-82.64,-93.63
2025-02-07,00:28:24,0.20,-0.34,0.93,-22.71,14.71,14.34
2025-02-07,00:28:24,0.23,-0.31,0.98,7.26,-7.57,-2.26
2025-02-07,00:28:25,0.23,-0.29,0.93,-6.71,2.14,3.48
2025-02-07,00:28:25,0.22,-0.27,0.94,0.43,5.62,-0.24
2025-02-07,00:28:26,0.20,-0.29,1.04,7.69,5.86,22.58
2025-02-07,00:28:26,0.59,-0.60,1.13,58.04,-20.14,101.62
2025-02-07,00:28:27,0.03,0.98,-0.35,89.42,-45.65,-79.41
2025-02-07,00:28:27,-0.11,0.85,0.01,58.72,34.97,66.35
2025-02-07,00:28:28,0.08,0.77,-0.53,84.90,106.02,-58.23
2025-02-07,00:28:28,0.03,0.74,-0.68,-1.89,-10.01,-0.12
2025-02-07,00:28:29,0.12,0.15,0.68,-181.46,-34.18,-208.44
2025-02-07,00:28:29,0.18,-0.55,0.88,-4.94,21.48,-11.60
2025-02-07,00:28:30,0.05,-0.53,0.94,3.30,-8.36,2.69
2025-02-07,00:28:30,0.05,-0.48,0.94,2.08,1.71,-2.38
2025-02-07,00:28:31,0.04,-0.52,0.87,1.53,2.44,2.08
2025-02-07,00:28:31,0.03,-0.48,0.88,0.55,-0.61,-1.28
2025-02-07,00:28:32,0.04,-0.51,0.90,0.31,-2.69,0.85
2025-02-07,00:28:32,0.05,-0.50,0.89,7.08,-2.20,-1.40
2025-02-07,00:28:33,0.41,-0.21,1.30,55.11,-10.80,2.56
2025-02-07,00:28:33,-0.60,0.59,-0.14,126.46,103.09,-235.66
2025-02-07,00:28:34,-0.69,-0.32,0.34,-44.01,22.03,-1.77
2025-02-07,00:28:34,-0.55,-0.89,0.47,-2.62,-6.84,-20.26
2025-02-07,00:28:35,-0.60,-0.84,0.40,20.20,-2.14,2.62
2025-02-07,00:28:35,-0.61,-0.74,0.35,4.52,-3.17,-1.65
2025-02-07,00:28:36,-0.63,-0.74,0.38,-1.22,1.71,2.08
2025-02-07,00:28:36,-0.63,-0.69,0.33,9.09,-7.26,7.14
2025-02-07,00:28:37,-0.74,-0.59,0.47,1.04,-2.14,3.54
2025-02-07,00:28:37,-0.84,-1.01,0.09,-23.13,-60.67,35.46
2025-02-07,00:28:38,0.04,-1.09,1.05,-84.11,-132.14,66.59
2025-02-07,00:28:38,-0.41,-0.75,0.45,42.91,-12.21,8.97
2025-02-07,00:28:39,-0.46,-0.78,0.51,-3.42,-0.79,-3.72
2025-02-07,00:28:39,-0.45,-0.79,0.49,-0.12,-0.12,0.24
2025-02-07,00:28:40,-0.45,-0.79,0.49,0.61,1.28,0.12
2025-02-07,00:28:40,-0.45,-0.77,0.50,-0.24,0.49,0.98
2025-02-07,00:28:41,-0.46,-0.80,0.51,0.67,6.59,-1.65
2025-02-07,00:28:41,-0.45,-0.79,0.48,-1.89,1.16,-1.53
2025-02-07,00:28:42,-0.45,-0.78,0.46,0.12,0.55,0.61
2025-02-07,00:28:42,-0.45,-0.80,0.46,-2.01,0.92,0.24
2025-02-07,00:28:43,-0.28,-0.65,0.14,-79.35,-90.70,138.98
2025-02-07,00:28:43,-0.73,0.59,-0.30,151.12,94.36,3.54
2025-02-07,00:28:44,-0.64,-0.07,-0.65,29.54,5.19,-2.38
2025-02-07,00:28:44,-0.63,-0.22,-0.77,15.14,-5.31,-3.23
2025-02-07,00:28:45,-0.64,-0.25,-0.76,6.84,-0.31,-2.44
2025-02-07,00:28:45,-0.63,-0.19,-0.71,-12.15,-6.90,11.41
2025-02-07,00:28:46,-0.64,-0.24,-0.76,5.49,-0.37,-0.18
2025-02-07,00:28:46,-0.63,-0.23,-0.74,13.73,2.38,-3.78
2025-02-07,00:28:47,-0.29,0.38,-0.27,-297.42,-185.18,236.39
2025-02-07,00:28:47,-0.23,0.09,0.92,-90.52,25.21,24.17
2025-02-07,00:28:48,-0.25,-0.18,1.00,-14.04,0.31,-4.33
2025-02-07,00:28:48,-0.24,-0.22,0.97,0.98,2.93,-7.93
2025-02-07,00:28:49,-0.24,-0.26,0.99,0.43,-2.26,-1.46
2025-02-07,00:28:49,-0.24,-0.21,0.94,1.53,0.67,-1.34
2025-02-07,00:28:50,0.05,-0.40,1.13,10.56,28.38,15.38
2025-02-07,00:28:50,-0.85,0.22,0.46,-12.27,7.26,27.83
2025-02-07,00:28:51,-0.88,0.20,0.86,87.04,42.05,-32.41
2025-02-07,00:28:51,-0.77,-0.08,-0.86,110.60,37.48,12.70
2025-02-07,00:28:52,-0.76,-0.19,-0.57,-0.98,-0.85,4.70
2025-02-07,00:28:52,-0.77,-0.27,-0.58,11.41,1.71,-2.62
2025-02-07,00:28:53,-0.85,-0.28,-0.47,27.47,-6.35,1.95
2025-02-07,00:28:53,-0.82,-0.30,-0.50,11.60,-6.65,7.51
2025-02-07,00:28:54,-0.64,0.37,0.26,103.15,-28.44,-35.40
2025-02-07,00:28:54,-0.94,0.50,0.19,33.14,25.76,-78.61
2025-02-07,00:28:55,-0.96,0.28,0.16,-4.09,-3.17,-3.42
2025-02-07,00:28:55,-0.96,0.28,0.17,-0.67,-0.31,0.12
2025-02-07,00:28:56,-0.96,0.25,0.17,-0.06,0.31,-2.56
2025-02-07,00:28:56,-0.97,0.20,0.18,3.48,-1.46,-3.05
2025-02-07,00:28:57,-0.97,0.18,0.16,0.49,1.46,-2.01
2025-02-07,00:28:57,-0.98,0.23,0.16,2.62,2.26,-2.62
2025-02-07,00:28:58,-0.97,0.20,0.15,-2.62,0.55,-1.40
2025-02-07,00:28:58,-0.98,0.12,0.12,0.79,-0.43,-4.64
2025-02-07,00:28:59,-0.99,0.13,0.12,-3.48,4.03,7.02
2025-02-07,00:28:59,-0.50,1.02,0.57,-114.62,6.23,231.69
2025-02-07,00:29:00,1.04,0.84,0.47,-112.73,58.35,-142.46
2025-02-07,00:29:00,-0.51,-0.29,1.08,-213.44,99.85,229.49
2025-02-07,00:29:01,-0.32,0.99,0.20,37.23,-7.08,69.89
2025-02-07,00:29:01,-0.02,0.61,0.71,-24.23,-15.63,-16.54
2025-02-07,00:29:02,0.09,0.44,0.92,-27.34,5.92,20.75
2025-02-07,00:29:02,0.02,0.34,0.99,3.11,-3.42,-9.03
2025-02-07,00:29:03,0.09,0.33,0.95,-1.40,-3.11,-6.59
2025-02-07,00:29:03,0.10,0.36,0.95,-3.85,2.26,-0.37
2025-02-07,00:29:04,0.10,0.36,0.94,-3.72,-2.38,0.55
2025-02-07,00:29:04,0.08,0.34,0.96,3.54,-1.77,0.55
2025-02-07,00:29:05,0.11,0.35,0.95,2.20,-0.49,1.53
2025-02-07,00:29:05,0.13,0.37,0.90,0.24,-2.38,1.65
2025-02-07,00:29:06,0.02,0.37,0.96,29.79,19.59,-7.93
2025-02-07,00:29:06,-0.69,0.20,0.70,-57.74,156.49,-40.95
2025-02-07,00:29:07,-0.16,-0.01,-0.85,-99.61,100.65,-126.89
2025-02-07,00:29:07,0.02,-0.49,-0.59,125.67,-60.00,-35.22
2025-02-07,00:29:08,0.52,-1.04,-0.41,120.73,-9.03,-2.87
2025-02-07,00:29:08,0.50,-0.75,0.31,32.90,15.38,-69.89
2025-02-07,00:29:09,0.57,-0.70,0.44,-27.53,-32.29,14.59
2025-02-07,00:29:09,0.64,-0.76,0.34,1.59,2.69,-5.25
2025-02-07,00:29:10,0.64,-0.71,0.38,-1.89,-1.04,-2.62
2025-02-07,00:29:10,0.67,-0.69,0.38,-2.01,-1.10,0.37
2025-02-07,00:29:11,0.68,-0.67,0.41,5.13,-0.55,1.22
2025-02-07,00:29:11,0.66,-0.65,0.41,8.91,-4.33,-0.73
2025-02-07,00:29:12,0.68,-0.65,0.44,8.97,-10.31,5.74
2025-02-07,00:29:12,0.92,-0.53,0.67,24.29,-6.35,104.55
2025-02-07,00:29:13,0.76,-0.48,0.65,5.19,-69.03,14.95
2025-02-07,00:29:13,0.65,-0.60,0.78,-58.90,-24.48,71.78
2025-02-07,00:29:14,0.59,-0.48,0.71,-4.46,11.11,15.69
2025-02-07,00:29:14,0.45,-0.74,0.89,38.27,-12.51,1.65
2025-02-07,00:29:15,-0.47,-0.37,0.55,-77.76,266.48,61.89
2025-02-07,00:29:15,-1.07,-0.08,0.02,56.88,7.75,-19.59
2025-02-07,00:29:16,-0.98,-0.11,0.04,50.84,-24.29,-84.35
2025-02-07,00:29:16,-0.95,0.04,-0.12,-13.12,-26.61,52.98
2025-02-07,00:29:17,-0.85,0.58,0.09,-24.78,-25.09,33.75
2025-02-07,00:29:17,-0.23,0.67,0.73,-56.58,-147.22,34.91
2025-02-07,00:29:18,0.25,0.17,0.99,-47.79,-38.64,-68.60
2025-02-07,00:29:18,0.18,-0.07,1.02,-31.37,13.61,-85.27
2025-02-07,00:29:19,0.08,-0.27,1.04,-24.35,55.18,-55.05
2025-02-07,00:29:19,-0.13,-0.59,0.85,-30.33,18.55,-31.68
2025-02-07,00:29:20,-0.20,-0.77,0.47,-38.45,81.12,-56.95
2025-02-07,00:29:20,0.08,-1.13,0.09,-9.52,78.74,-30.70
2025-02-07,00:29:21,-0.23,-1.03,-0.19,-15.75,84.59,13.98
2025-02-07,00:29:21,-0.26,-0.84,-0.37,-33.87,-13.73,23.19
2025-02-07,00:29:22,-0.29,-0.53,-0.82,-41.50,36.01,43.52
2025-02-07,00:29:22,-0.16,0.25,-1.01,-37.48,15.01,38.51
2025-02-07,00:29:23,-0.06,0.52,-0.88,-31.07,-10.68,30.64
2025-02-07,00:29:23,0.01,0.80,-0.59,-33.94,-24.60,28.50
2025-02-07,00:29:24,0.19,0.92,-0.26,-25.70,-18.55,10.99
2025-02-07,00:29:25,0.17,0.96,0.22,-61.28,-39.79,7.26
2025-02-07,00:29:25,0.10,0.55,0.73,-22.64,-14.16,0.61
2025-02-07,00:29:26,0.12,0.27,0.87,-32.04,5.98,-43.52
2025-02-07,00:29:26,0.05,0.17,1.04,-16.60,16.42,-37.29
2025-02-07,00:29:27,-0.01,-0.11,1.02,-35.22,16.78,-11.05
2025-02-07,00:29:27,-0.07,-0.48,0.97,-31.01,11.96,0.61
2025-02-07,00:29:28,-0.26,-0.73,0.54,3.11,0.85,-7.57
2025-02-07,00:29:28,-0.16,-0.73,0.63,15.63,20.94,-20.45
2025-02-07,00:29:29,-0.27,-0.75,0.65,-9.89,26.98,5.86
2025-02-07,00:29:29,-0.33,-0.95,0.45,-67.32,44.25,17.58
2025-02-07,00:29:30,-0.78,-0.57,-0.22,-41.81,62.26,95.15
2025-02-07,00:29:30,-0.01,1.06,-0.02,-21.00,-15.32,15.50
2025-02-07,00:29:31,0.10,0.92,0.24,-58.17,-25.45,-2.93
2025-02-07,00:29:31,0.18,0.77,0.51,-26.49,-37.90,-21.85
2025-02-07,00:29:32,0.15,0.49,0.90,-62.56,-3.23,-24.60
2025-02-07,00:29:32,0.21,0.25,0.95,-25.15,-7.57,16.11
2025-02-07,00:29:33,0.27,0.19,0.95,-10.38,-1.34,6.23
2025-02-07,00:29:33,0.27,0.18,0.99,-13.61,35.22,2.81
2025-02-07,00:29:34,-0.25,0.52,0.41,-90.03,89.11,181.58
2025-02-07,00:29:34,-0.22,0.44,0.89,47.24,-53.71,-53.65
2025-02-07,00:29:35,-0.02,0.34,1.01,-14.53,-9.34,27.22
2025-02-07,00:29:35,-0.05,0.31,0.69,61.22,115.11,-105.29
2025-02-07,00:29:36,-0.49,0.11,1.08,-9.22,8.30,51.15
2025-02-07,00:29:36,0.29,0.84,1.60,-16.72,-82.89,14.53
2025-02-07,00:29:37,-0.24,0.03,-0.18,157.23,111.45,-163.82
2025-02-07,00:29:37,-0.05,0.74,0.94,-12.70,2.26,62.44
2025-02-07,00:29:38,-0.23,0.09,-0.02,90.76,54.20,-192.69
2025-02-07,00:29:38,0.14,0.81,1.60,-15.87,-93.20,29.30
2025-02-07,00:29:39,-0.05,0.23,1.00,-7.08,23.68,-13.49
2025-02-07,00:29:39,-0.04,0.22,0.99,3.54,-0.43,-2.69
2025-02-07,00:29:40,-0.02,0.26,0.97,2.32,2.62,10.50
2025-02-07,00:29:40,-0.04,0.16,0.98,3.36,-2.08,-0.31
2025-02-07,00:29:41,-0.01,0.21,1.00,-1.95,-0.24,0.06
2025-02-07,00:29:41,-0.22,0.04,0.93,39.73,86.85,-139.71
2025-02-07,00:29:42,0.00,-0.14,1.07,-9.28,-11.66,16.30
2025-02-07,00:29:42,0.37,0.12,1.71,54.87,54.87,-64.39
2025-02-07,00:29:43,-0.04,-0.16,0.75,4.88,-10.68,-4.82
2025-02-07,00:29:43,-0.58,0.00,0.21,-13.61,162.72,15.08
2025-02-07,00:29:44,0.14,-0.14,1.70,-33.33,296.20,-9.28
2025-02-07,00:29:44,0.09,-0.06,1.03,1.89,16.60,-4.82
2025-02-07,00:29:45,-0.76,-0.04,-0.01,45.29,-168.09,-33.26
2025-02-07,00:29:45,0.11,-0.05,0.98,-3.78,3.85,2.56
2025-02-07,00:29:46,0.12,-0.10,1.02,-3.11,-1.77,2.32
2025-02-07,00:29:46,-0.58,-0.14,0.74,15.32,20.14,-16.60
2025-02-07,00:29:47,0.07,-0.16,0.96,-0.43,7.57,-2.44
2025-02-07,00:29:47,-0.10,-0.20,0.45,-80.57,283.81,94.85
2025-02-07,00:29:48,0.05,-0.03,1.05,6.65,-39.18,-0.98
2025-02-07,00:29:48,0.05,-0.09,1.01,1.77,-0.24,-1.83
2025-02-07,00:29:49,-0.54,-0.18,0.87,14.65,-51.51,-13.55
2025-02-07,00:29:49,0.06,-0.07,1.02,-6.35,-3.23,5.80
2025-02-07,00:29:50,-0.17,-0.18,0.49,-70.01,282.78,71.29
2025-02-07,00:29:50,0.10,-0.01,1.11,4.09,0.79,-1.65
2025-02-07,00:29:51,0.07,-0.08,1.01,-0.43,-0.31,0.85
2025-02-07,00:29:51,0.07,-0.08,1.02,-0.37,-1.71,0.18
2025-02-07,00:29:52,0.07,-0.06,0.99,2.01,0.55,-1.16
2025-02-07,00:29:52,0.09,-0.12,1.02,-2.26,2.75,0.12
2025-02-07,00:29:53,-0.53,0.22,-0.07,-66.22,199.65,14.34
2025-02-07,00:29:53,-0.47,-0.14,-0.28,-54.38,43.58,-2.87
2025-02-07,00:29:54,-0.32,-0.52,-0.73,0.24,13.61,-4.39
2025-02-07,00:29:54,-0.36,-0.49,-0.86,15.99,-10.74,-12.33
2025-02-07,00:29:55,-0.33,-0.49,-0.73,-19.65,4.94,-0.24
2025-02-07,00:29:55,0.07,-0.07,-0.99,-30.64,17.94,-0.43
2025-02-07,00:29:56,0.17,-0.12,-1.02,0.43,10.31,-3.42
2025-02-07,00:29:56,0.16,-0.13,-0.90,6.47,-0.49,-1.22
2025-02-07,00:29:57,0.16,-0.23,-0.95,17.27,-0.85,6.41
2025-02-07,00:29:57,0.14,-0.36,-0.87,24.48,-18.31,14.10
2025-02-07,00:29:58,0.12,-0.44,-0.90,7.32,6.84,8.79
2025-02-07,00:29:58,0.19,-0.42,-0.89,-4.33,-1.59,-0.12
2025-02-07,00:29:59,0.19,-0.39,-0.85,-1.04,6.16,0.73
2025-02-07,00:29:59,0.20,-0.37,-0.87,1.77,-4.94,1.77
2025-02-07,00:30:00,0.19,-0.44,-0.89,-3.05,-2.01,3.36
2025-02-07,00:30:00,0.20,-0.42,-0.85,1.71,0.55,-0.24
2025-02-07,00:30:01,0.19,-0.39,-0.87,12.21,-40.59,-10.68
2025-02-07,00:30:01,-0.03,-1.36,0.55,103.52,-168.03,-47.00
2025-02-07,00:30:02,0.50,-0.76,0.07,-140.62,156.37,-151.00
2025-02-07,00:30:02,0.11,-0.82,0.42,0.49,6.59,-25.51
2025-02-07,00:30:03,0.13,-0.96,0.33,-13.73,4.15,17.70
2025-02-07,00:30:03,0.15,-1.00,0.34,0.18,5.43,1.46
2025-02-07,00:30:04,0.14,-0.91,0.38,1.16,2.32,0.31
2025-02-07,00:30:04,0.14,-0.93,0.41,2.56,1.46,-1.65
2025-02-07,00:30:05,0.14,-0.92,0.40,-2.08,-1.89,-0.31
2025-02-07,00:30:05,0.13,-0.93,0.40,-1.16,-1.46,1.34
2025-02-07,00:30:06,0.28,-0.08,0.63,153.75,-70.68,252.81
2025-02-07,00:30:06,0.21,0.04,0.52,-139.77,-37.11,-163.64
2025-02-07,00:30:07,0.04,-0.75,0.59,74.10,170.53,-0.67
2025-02-07,00:30:07,-0.03,-0.71,0.67,-36.44,-12.27,-18.86
2025-02-07,00:30:08,0.06,-0.75,0.66,-5.25,-5.19,-3.48
2025-02-07,00:30:08,0.07,-0.77,0.67,0.73,2.08,-0.67
2025-02-07,00:30:09,0.08,-0.77,0.67,-0.18,-0.92,-0.06
2025-02-07,00:30:09,0.08,-0.76,0.66,-0.92,-1.40,-0.31
2025-02-07,00:30:10,0.09,-0.76,0.67,0.61,-0.55,-1.16
2025-02-07,00:30:10,0.09,-0.77,0.69,0.73,0.61,0.55
2025-02-07,00:30:11,0.08,-0.77,0.67,-0.43,-0.55,1.28
2025-02-07,00:30:11,0.08,-0.76,0.68,2.08,-0.37,-1.22
2025-02-07,00:30:12,0.10,-0.77,0.68,70.43,-48.65,99.49
2025-02-07,00:30:12,-0.07,0.72,0.67,67.14,43.09,20.26
2025-02-07,00:30:13,-0.08,0.77,0.69,-9.46,-17.27,6.47
2025-02-07,00:30:13,-0.02,0.73,0.76,-7.20,-6.10,1.77
2025-02-07,00:30:14,0.18,0.76,0.76,-165.59,-15.63,-28.63
2025-02-07,00:30:14,0.28,-0.67,0.87,-8.30,22.64,-134.40
2025-02-07,00:30:15,-0.02,-0.48,0.83,7.69,1.34,-20.45
2025-02-07,00:30:15,-0.02,-0.54,0.85,8.24,3.36,-6.96
2025-02-07,00:30:16,-0.02,-0.53,0.89,3.11,-0.06,1.71
2025-02-07,00:30:16,-0.11,-0.52,0.89,1.53,2.69,11.41
2025-02-07,00:30:17,-0.13,-0.50,0.83,-3.30,-5.31,2.56
2025-02-07,00:30:17,-0.13,-0.47,0.88,-5.31,-2.99,-3.05
2025-02-07,00:30:18,-0.11,-0.51,0.86,-2.38,-0.79,-0.06
2025-02-07,00:30:18,-0.11,-0.51,0.87,-4.46,-1.95,1.53
2025-02-07,00:30:19,-0.10,-0.54,0.89,4.76,-1.95,-0.67
2025-02-07,00:30:19,-0.09,-0.52,0.89,2.87,1.22,-2.38
2025-02-07,00:30:20,-0.09,-0.52,0.88,0.79,-0.12,-0.67
2025-02-07,00:30:20,-0.09,-0.53,0.87,2.50,1.40,-0.55
2025-02-07,00:30:21,-0.10,-0.52,0.88,-1.83,-1.04,-0.31
2025-02-07,00:30:21,-0.09,-0.53,0.87,0.49,-0.49,-1.77
2025-02-07,00:30:22,0.07,-0.47,0.99,8.06,-10.80,78.37
2025-02-07,00:30:22,0.00,-0.16,1.08,10.99,-46.88,-41.50
2025-02-07,00:30:23,0.01,-0.26,0.98,-0.31,-2.62,6.53
2025-02-07,00:30:23,0.02,-0.23,0.98,-1.77,0.98,4.70
2025-02-07,00:30:24,0.03,-0.22,1.00,-2.81,-0.61,1.89
2025-02-07,00:30:24,0.03,-0.22,0.99,-1.71,-2.08,1.65
2025-02-07,00:30:25,0.03,-0.24,0.99,-1.95,-1.65,1.16
2025-02-07,00:30:25,0.04,-0.24,1.01,-0.43,-0.37,-0.55
2025-02-07,00:30:26,0.04,-0.25,0.99,-2.26,-0.79,1.22
2025-02-07,00:30:26,0.04,-0.24,1.00,0.18,-0.85,-0.61
2025-02-07,00:30:27,0.23,-0.58,0.46,-38.57,2.81,-201.72
2025-02-07,00:30:28,0.14,-0.80,0.77,-19.96,-4.94,13.73
2025-02-07,00:30:28,0.06,-0.64,0.77,-3.85,-3.60,7.32
2025-02-07,00:30:29,0.05,-0.65,0.78,-1.71,2.75,1.89
2025-02-07,00:30:29,-0.02,-0.64,0.77,-3.48,1.77,2.99
2025-02-07,00:30:30,-0.01,-0.65,0.81,-1.22,-2.75,1.34
2025-02-07,00:30:30,-0.02,-0.65,0.80,6.41,2.01,-2.44
2025-02-07,00:30:31,-0.02,-0.66,0.81,4.21,-5.74,-1.77
2025-02-07,00:30:31,-0.06,-0.64,0.84,1.40,-8.24,7.14
2025-02-07,00:30:32,-0.06,-0.58,0.81,5.92,1.95,1.95
2025-02-07,00:30:32,-0.03,-0.61,0.84,3.05,0.37,-1.77
2025-02-07,00:30:31,-0.06,-0.64,0.84,1.40,-8.24,7.14
2025-02-07,00:30:32,-0.06,-0.58,0.81,5.92,1.95,1.95
2025-02-07,00:30:32,-0.03,-0.61,0.84,3.05,0.37,-1.77
2025-02-07,00:30:33,-0.04,-0.60,0.82,-0.79,-2.08,-0.79
2025-02-07,00:30:33,-0.04,-0.62,0.83,-0.92,1.04,-1.53
2025-02-07,00:30:34,-0.04,-0.61,0.84,-3.66,-2.44,0.92
2025-02-07,00:30:34,-0.10,-0.55,0.80,1.53,-17.21,19.65
2025-02-07,00:30:35,-0.04,-0.56,0.84,20.63,-2.08,-15.44
2025-02-07,00:30:35,-0.32,-0.21,0.57,-4.88,13.55,48.89
2025-02-07,00:30:36,-0.56,-0.44,0.88,3.17,-2.01,1.34
2025-02-07,00:30:36,-0.61,-0.35,0.73,7.14,0.24,-3.66
2025-02-07,00:30:37,-0.57,-0.35,0.75,8.06,-7.02,-3.85
2025-02-07,00:30:37,0.12,-0.15,1.08,24.23,-31.31,-76.35
2025-02-07,00:30:38,-0.07,-0.37,0.26,-62.50,-49.13,21.30
2025-02-07,00:30:38,0.08,-0.58,0.81,-13.00,-17.64,9.46
2025-02-07,00:30:39,0.11,-0.62,0.82,3.23,1.83,-2.93
2025-02-07,00:30:39,0.11,-0.62,0.81,4.46,-0.24,-2.38
2025-02-07,00:30:40,0.14,-0.69,0.82,21.67,2.32,-0.55
2025-02-07,00:30:40,1.08,1.56,-0.44,65.00,337.52,462.77
2025-02-07,00:30:41,0.06,-0.98,-0.69,283.08,-82.58,-115.97
2025-02-07,00:30:41,-0.22,-1.00,-0.40,32.23,12.76,-28.75
2025-02-07,00:30:42,1.37,0.29,-0.11,-387.57,-635.01,-103.09
2025-02-07,00:30:42,0.81,-0.42,1.14,-22.22,-29.97,38.57
2025-02-07,00:30:43,0.28,-0.75,0.61,-77.51,-0.37,69.70
2025-02-07,00:30:43,0.19,-0.77,0.59,5.37,2.38,4.70
2025-02-07,00:30:44,0.16,-0.76,0.61,-4.46,-3.11,2.69
2025-02-07,00:30:44,0.17,-0.79,0.65,1.71,1.77,-1.10
2025-02-07,00:30:45,0.17,-0.79,0.63,-2.20,-2.75,-1.28
2025-02-07,00:30:45,0.17,-0.77,0.65,0.85,-2.20,-2.20
2025-02-07,00:30:46,0.19,-0.80,0.64,2.44,0.79,-1.28
2025-02-07,00:30:46,0.19,-0.79,0.63,0.49,-2.56,0.31
2025-02-07,00:30:47,0.52,-0.56,0.82,49.68,-115.66,163.64
2025-02-07,00:30:47,-0.33,1.09,-0.62,140.56,71.84,16.72
2025-02-07,00:30:48,-0.22,0.80,-0.53,-0.18,-2.99,2.44
2025-02-07,00:30:48,-0.19,0.81,-0.52,4.46,2.99,-2.81
2025-02-07,00:30:49,-0.16,0.85,-0.48,-3.66,-0.31,4.52
2025-02-07,00:30:49,-0.11,0.90,-0.50,-15.87,-0.92,20.69
2025-02-07,00:30:50,0.32,-0.74,1.21,-253.72,-135.25,-124.63
2025-02-07,00:30:50,0.18,-0.62,0.71,-22.95,43.64,-12.63
2025-02-07,00:30:51,0.11,-0.77,0.65,-3.11,-3.97,1.46
2025-02-07,00:30:51,0.11,-0.80,0.67,-0.06,0.43,-1.71
2025-02-07,00:30:52,0.11,-0.79,0.65,2.20,-1.89,-0.37
2025-02-07,00:30:52,0.12,-0.79,0.64,-1.95,-1.53,0.55
2025-02-07,00:30:53,0.12,-0.79,0.63,-1.53,-1.71,-1.10
